licenseId,name,isOsiApproved,isDeprecatedLicenseId,risk_level,is_safe,risk_explanation_ar
3D-Slicer-1.0,3D Slicer License v1.0,False,False,DANGEROUS,0,ترخيص غير معروف أو مخصص أو غير موثوق – ممنوع استخدامه بدون موافقة Legal
ADSL,Amazon Digital Services License,False,False,DANGEROUS,0,ترخيص غير معروف أو مخصص أو غير موثوق – ممنوع استخدامه بدون موافقة Legal
AGPL-1.0,Affero General Public License v1.0,False,True,DANGEROUS,0,ترخيص قديم ومُلغى رسميًا من SPDX – ممنوع استخدامه
AGPL-3.0,GNU Affero General Public License v3.0,True,True,DANGEROUS,0,ترخيص قديم ومُلغى رسميًا من SPDX – ممنوع استخدامه
AMD-newlib,AMD newlib License,False,False,DANGEROUS,0,ترخيص غير معروف أو مخصص أو غير موثوق – ممنوع استخدامه بدون موافقة Legal
AMDPLPA,AMD's plpa_map.c License,False,False,DANGEROUS,0,ترخيص غير معروف أو مخصص أو غير موثوق – ممنوع استخدامه بدون موافقة Legal
AML-glslang,AML glslang variant License,False,False,DANGEROUS,0,ترخيص غير معروف أو مخصص أو غير موثوق – ممنوع استخدامه بدون موافقة Legal
ANTLR-PD,ANTLR Software Rights Notice,False,False,DANGEROUS,0,ترخيص غير معروف أو مخصص أو غير موثوق – ممنوع استخدامه بدون موافقة Legal
ANTLR-PD-fallback,ANTLR Software Rights Notice with license fallback,False,False,DANGEROUS,0,ترخيص غير معروف أو مخصص أو غير موثوق – ممنوع استخدامه بدون موافقة Legal
APAFML,Adobe Postscript AFM License,False,False,DANGEROUS,0,ترخيص غير معروف أو مخصص أو غير موثوق – ممنوع استخدامه بدون موافقة Legal
ASWF-Digital-Assets-1.0,ASWF Digital Assets License version 1.0,False,False,DANGEROUS,0,ترخيص غير معروف أو مخصص أو غير موثوق – ممنوع استخدامه بدون موافقة Legal
ASWF-Digital-Assets-1.1,ASWF Digital Assets License 1.1,False,False,DANGEROUS,0,ترخيص غير معروف أو مخصص أو غير موثوق – ممنوع استخدامه بدون موافقة Legal
Abstyles,Abstyles License,False,False,DANGEROUS,0,ترخيص غير معروف أو مخصص أو غير موثوق – ممنوع استخدامه بدون موافقة Legal
AdaCore-doc,AdaCore Doc License,False,False,DANGEROUS,0,ترخيص غير معروف أو مخصص أو غير موثوق – ممنوع استخدامه بدون موافقة Legal
Adobe-2006,Adobe Systems Incorporated Source Code License Agreement,False,False,DANGEROUS,0,ترخيص غير معروف أو مخصص أو غير موثوق – ممنوع استخدامه بدون موافقة Legal
Adobe-Display-PostScript,Adobe Display PostScript License,False,False,DANGEROUS,0,ترخيص غير معروف أو مخصص أو غير موثوق – ممنوع استخدامه بدون موافقة Legal
Adobe-Glyph,Adobe Glyph List License,False,False,DANGEROUS,0,ترخيص غير معروف أو مخصص أو غير موثوق – ممنوع استخدامه بدون موافقة Legal
Adobe-Utopia,Adobe Utopia Font License,False,False,DANGEROUS,0,ترخيص غير معروف أو مخصص أو غير موثوق – ممنوع استخدامه بدون موافقة Legal
Advanced-Cryptics-Dictionary,Advanced Cryptics Dictionary License,False,False,DANGEROUS,0,ترخيص غير معروف أو مخصص أو غير موثوق – ممنوع استخدامه بدون موافقة Legal
Afmparse,Afmparse License,False,False,DANGEROUS,0,ترخيص غير معروف أو مخصص أو غير موثوق – ممنوع استخدامه بدون موافقة Legal
Aladdin,Aladdin Free Public License,False,False,DANGEROUS,0,ترخيص غير معروف أو مخصص أو غير موثوق – ممنوع استخدامه بدون موافقة Legal
App-s2p,App::s2p License,False,False,DANGEROUS,0,ترخيص غير معروف أو مخصص أو غير موثوق – ممنوع استخدامه بدون موافقة Legal
Arphic-1999,Arphic Public License,False,False,DANGEROUS,0,ترخيص غير معروف أو مخصص أو غير موثوق – ممنوع استخدامه بدون موافقة Legal
Artistic-dist,Artistic License 1.0 (dist),False,False,DANGEROUS,0,ترخيص غير معروف أو مخصص أو غير موثوق – ممنوع استخدامه بدون موافقة Legal
Aspell-RU,Aspell Russian License,False,False,DANGEROUS,0,ترخيص غير معروف أو مخصص أو غير موثوق – ممنوع استخدامه بدون موافقة Legal
BSD-2-Clause-FreeBSD,BSD 2-Clause FreeBSD License,False,True,DANGEROUS,0,ترخيص قديم ومُلغى رسميًا من SPDX – ممنوع استخدامه
BSD-2-Clause-NetBSD,BSD 2-Clause NetBSD License,False,True,DANGEROUS,0,ترخيص قديم ومُلغى رسميًا من SPDX – ممنوع استخدامه
BUSL-1.1,Business Source License 1.1,False,False,DANGEROUS,0,ترخيص غير معروف أو مخصص أو غير موثوق – ممنوع استخدامه بدون موافقة Legal
Baekmuk,Baekmuk License,False,False,DANGEROUS,0,ترخيص غير معروف أو مخصص أو غير موثوق – ممنوع استخدامه بدون موافقة Legal
Bahyph,Bahyph License,False,False,DANGEROUS,0,ترخيص غير معروف أو مخصص أو غير موثوق – ممنوع استخدامه بدون موافقة Legal
Barr,Barr License,False,False,DANGEROUS,0,ترخيص غير معروف أو مخصص أو غير موثوق – ممنوع استخدامه بدون موافقة Legal
Beerware,Beerware License,False,False,DANGEROUS,0,ترخيص غير معروف أو مخصص أو غير موثوق – ممنوع استخدامه بدون موافقة Legal
BitTorrent-1.0,BitTorrent Open Source License v1.0,False,False,DANGEROUS,0,ترخيص غير معروف أو مخصص أو غير موثوق – ممنوع استخدامه بدون موافقة Legal
BitTorrent-1.1,BitTorrent Open Source License v1.1,False,False,DANGEROUS,0,ترخيص غير معروف أو مخصص أو غير موثوق – ممنوع استخدامه بدون موافقة Legal
Bitstream-Charter,Bitstream Charter Font License,False,False,DANGEROUS,0,ترخيص غير معروف أو مخصص أو غير موثوق – ممنوع استخدامه بدون موافقة Legal
Bitstream-Vera,Bitstream Vera Font License,False,False,DANGEROUS,0,ترخيص غير معروف أو مخصص أو غير موثوق – ممنوع استخدامه بدون موافقة Legal
Boehm-GC,Boehm-Demers-Weiser GC License,False,False,DANGEROUS,0,ترخيص غير معروف أو مخصص أو غير موثوق – ممنوع استخدامه بدون موافقة Legal
Boehm-GC-without-fee,Boehm-Demers-Weiser GC License (without fee),False,False,DANGEROUS,0,ترخيص غير معروف أو مخصص أو غير موثوق – ممنوع استخدامه بدون موافقة Legal
Borceux,Borceux license,False,False,DANGEROUS,0,ترخيص غير معروف أو مخصص أو غير موثوق – ممنوع استخدامه بدون موافقة Legal
Brian-Gladman-2-Clause,Brian Gladman 2-Clause License,False,False,DANGEROUS,0,ترخيص غير معروف أو مخصص أو غير موثوق – ممنوع استخدامه بدون موافقة Legal
Brian-Gladman-3-Clause,Brian Gladman 3-Clause License,False,False,DANGEROUS,0,ترخيص غير معروف أو مخصص أو غير موثوق – ممنوع استخدامه بدون موافقة Legal
Buddy,Buddy License,False,False,DANGEROUS,0,ترخيص غير معروف أو مخصص أو غير موثوق – ممنوع استخدامه بدون موافقة Legal
C-UDA-1.0,Computational Use of Data Agreement v1.0,False,False,DANGEROUS,0,ترخيص غير معروف أو مخصص أو غير موثوق – ممنوع استخدامه بدون موافقة Legal
CC-BY-1.0,Creative Commons Attribution 1.0 Generic,False,False,DANGEROUS,0,ترخيص غير معروف أو مخصص أو غير موثوق – ممنوع استخدامه بدون موافقة Legal
CC-BY-2.0,Creative Commons Attribution 2.0 Generic,False,False,DANGEROUS,0,ترخيص غير معروف أو مخصص أو غير موثوق – ممنوع استخدامه بدون موافقة Legal
CC-BY-2.5,Creative Commons Attribution 2.5 Generic,False,False,DANGEROUS,0,ترخيص غير معروف أو مخصص أو غير موثوق – ممنوع استخدامه بدون موافقة Legal
CC-BY-2.5-AU,Creative Commons Attribution 2.5 Australia,False,False,DANGEROUS,0,ترخيص غير معروف أو مخصص أو غير موثوق – ممنوع استخدامه بدون موافقة Legal
CC-BY-3.0,Creative Commons Attribution 3.0 Unported,False,False,DANGEROUS,0,ترخيص غير معروف أو مخصص أو غير موثوق – ممنوع استخدامه بدون موافقة Legal
CC-BY-3.0-AT,Creative Commons Attribution 3.0 Austria,False,False,DANGEROUS,0,ترخيص غير معروف أو مخصص أو غير موثوق – ممنوع استخدامه بدون موافقة Legal
CC-BY-3.0-AU,Creative Commons Attribution 3.0 Australia,False,False,DANGEROUS,0,ترخيص غير معروف أو مخصص أو غير موثوق – ممنوع استخدامه بدون موافقة Legal
CC-BY-3.0-DE,Creative Commons Attribution 3.0 Germany,False,False,DANGEROUS,0,ترخيص غير معروف أو مخصص أو غير موثوق – ممنوع استخدامه بدون موافقة Legal
CC-BY-3.0-IGO,Creative Commons Attribution 3.0 IGO,False,False,DANGEROUS,0,ترخيص غير معروف أو مخصص أو غير موثوق – ممنوع استخدامه بدون موافقة Legal
CC-BY-3.0-NL,Creative Commons Attribution 3.0 Netherlands,False,False,DANGEROUS,0,ترخيص غير معروف أو مخصص أو غير موثوق – ممنوع استخدامه بدون موافقة Legal
CC-BY-3.0-US,Creative Commons Attribution 3.0 United States,False,False,DANGEROUS,0,ترخيص غير معروف أو مخصص أو غير موثوق – ممنوع استخدامه بدون موافقة Legal
CC-BY-4.0,Creative Commons Attribution 4.0 International,False,False,DANGEROUS,0,ترخيص غير معروف أو مخصص أو غير موثوق – ممنوع استخدامه بدون موافقة Legal
CC-BY-NC-1.0,Creative Commons Attribution Non Commercial 1.0 Generic,False,False,DANGEROUS,0,ترخيص غير معروف أو مخصص أو غير موثوق – ممنوع استخدامه بدون موافقة Legal
CC-BY-NC-2.0,Creative Commons Attribution Non Commercial 2.0 Generic,False,False,DANGEROUS,0,ترخيص غير معروف أو مخصص أو غير موثوق – ممنوع استخدامه بدون موافقة Legal
CC-BY-NC-2.5,Creative Commons Attribution Non Commercial 2.5 Generic,False,False,DANGEROUS,0,ترخيص غير معروف أو مخصص أو غير موثوق – ممنوع استخدامه بدون موافقة Legal
CC-BY-NC-3.0,Creative Commons Attribution Non Commercial 3.0 Unported,False,False,DANGEROUS,0,ترخيص غير معروف أو مخصص أو غير موثوق – ممنوع استخدامه بدون موافقة Legal
CC-BY-NC-3.0-DE,Creative Commons Attribution Non Commercial 3.0 Germany,False,False,DANGEROUS,0,ترخيص غير معروف أو مخصص أو غير موثوق – ممنوع استخدامه بدون موافقة Legal
CC-BY-NC-4.0,Creative Commons Attribution Non Commercial 4.0 International,False,False,DANGEROUS,0,ترخيص غير معروف أو مخصص أو غير موثوق – ممنوع استخدامه بدون موافقة Legal
CC-BY-NC-ND-1.0,Creative Commons Attribution Non Commercial No Derivatives 1.0 Generic,False,False,DANGEROUS,0,ترخيص غير معروف أو مخصص أو غير موثوق – ممنوع استخدامه بدون موافقة Legal
CC-BY-NC-ND-2.0,Creative Commons Attribution Non Commercial No Derivatives 2.0 Generic,False,False,DANGEROUS,0,ترخيص غير معروف أو مخصص أو غير موثوق – ممنوع استخدامه بدون موافقة Legal
CC-BY-NC-ND-2.5,Creative Commons Attribution Non Commercial No Derivatives 2.5 Generic,False,False,DANGEROUS,0,ترخيص غير معروف أو مخصص أو غير موثوق – ممنوع استخدامه بدون موافقة Legal
CC-BY-NC-ND-3.0,Creative Commons Attribution Non Commercial No Derivatives 3.0 Unported,False,False,DANGEROUS,0,ترخيص غير معروف أو مخصص أو غير موثوق – ممنوع استخدامه بدون موافقة Legal
CC-BY-NC-ND-3.0-DE,Creative Commons Attribution Non Commercial No Derivatives 3.0 Germany,False,False,DANGEROUS,0,ترخيص غير معروف أو مخصص أو غير موثوق – ممنوع استخدامه بدون موافقة Legal
CC-BY-NC-ND-3.0-IGO,Creative Commons Attribution Non Commercial No Derivatives 3.0 IGO,False,False,DANGEROUS,0,ترخيص غير معروف أو مخصص أو غير موثوق – ممنوع استخدامه بدون موافقة Legal
CC-BY-NC-ND-4.0,Creative Commons Attribution Non Commercial No Derivatives 4.0 International,False,False,DANGEROUS,0,ترخيص غير معروف أو مخصص أو غير موثوق – ممنوع استخدامه بدون موافقة Legal
CC-BY-NC-SA-1.0,Creative Commons Attribution Non Commercial Share Alike 1.0 Generic,False,False,DANGEROUS,0,ترخيص غير معروف أو مخصص أو غير موثوق – ممنوع استخدامه بدون موافقة Legal
CC-BY-NC-SA-2.0,Creative Commons Attribution Non Commercial Share Alike 2.0 Generic,False,False,DANGEROUS,0,ترخيص غير معروف أو مخصص أو غير موثوق – ممنوع استخدامه بدون موافقة Legal
CC-BY-NC-SA-2.0-DE,Creative Commons Attribution Non Commercial Share Alike 2.0 Germany,False,False,DANGEROUS,0,ترخيص غير معروف أو مخصص أو غير موثوق – ممنوع استخدامه بدون موافقة Legal
CC-BY-NC-SA-2.0-FR,Creative Commons Attribution-NonCommercial-ShareAlike 2.0 France,False,False,DANGEROUS,0,ترخيص غير معروف أو مخصص أو غير موثوق – ممنوع استخدامه بدون موافقة Legal
CC-BY-NC-SA-2.0-UK,Creative Commons Attribution Non Commercial Share Alike 2.0 England and Wales,False,False,DANGEROUS,0,ترخيص غير معروف أو مخصص أو غير موثوق – ممنوع استخدامه بدون موافقة Legal
CC-BY-NC-SA-2.5,Creative Commons Attribution Non Commercial Share Alike 2.5 Generic,False,False,DANGEROUS,0,ترخيص غير معروف أو مخصص أو غير موثوق – ممنوع استخدامه بدون موافقة Legal
CC-BY-NC-SA-3.0,Creative Commons Attribution Non Commercial Share Alike 3.0 Unported,False,False,DANGEROUS,0,ترخيص غير معروف أو مخصص أو غير موثوق – ممنوع استخدامه بدون موافقة Legal
CC-BY-NC-SA-3.0-DE,Creative Commons Attribution Non Commercial Share Alike 3.0 Germany,False,False,DANGEROUS,0,ترخيص غير معروف أو مخصص أو غير موثوق – ممنوع استخدامه بدون موافقة Legal
CC-BY-NC-SA-3.0-IGO,Creative Commons Attribution Non Commercial Share Alike 3.0 IGO,False,False,DANGEROUS,0,ترخيص غير معروف أو مخصص أو غير موثوق – ممنوع استخدامه بدون موافقة Legal
CC-BY-NC-SA-4.0,Creative Commons Attribution Non Commercial Share Alike 4.0 International,False,False,DANGEROUS,0,ترخيص غير معروف أو مخصص أو غير موثوق – ممنوع استخدامه بدون موافقة Legal
CC-BY-ND-1.0,Creative Commons Attribution No Derivatives 1.0 Generic,False,False,DANGEROUS,0,ترخيص غير معروف أو مخصص أو غير موثوق – ممنوع استخدامه بدون موافقة Legal
CC-BY-ND-2.0,Creative Commons Attribution No Derivatives 2.0 Generic,False,False,DANGEROUS,0,ترخيص غير معروف أو مخصص أو غير موثوق – ممنوع استخدامه بدون موافقة Legal
CC-BY-ND-2.5,Creative Commons Attribution No Derivatives 2.5 Generic,False,False,DANGEROUS,0,ترخيص غير معروف أو مخصص أو غير موثوق – ممنوع استخدامه بدون موافقة Legal
CC-BY-ND-3.0,Creative Commons Attribution No Derivatives 3.0 Unported,False,False,DANGEROUS,0,ترخيص غير معروف أو مخصص أو غير موثوق – ممنوع استخدامه بدون موافقة Legal
CC-BY-ND-3.0-DE,Creative Commons Attribution No Derivatives 3.0 Germany,False,False,DANGEROUS,0,ترخيص غير معروف أو مخصص أو غير موثوق – ممنوع استخدامه بدون موافقة Legal
CC-BY-ND-4.0,Creative Commons Attribution No Derivatives 4.0 International,False,False,DANGEROUS,0,ترخيص غير معروف أو مخصص أو غير موثوق – ممنوع استخدامه بدون موافقة Legal
CC-BY-SA-1.0,Creative Commons Attribution Share Alike 1.0 Generic,False,False,DANGEROUS,0,ترخيص غير معروف أو مخصص أو غير موثوق – ممنوع استخدامه بدون موافقة Legal
CC-BY-SA-2.0,Creative Commons Attribution Share Alike 2.0 Generic,False,False,DANGEROUS,0,ترخيص غير معروف أو مخصص أو غير موثوق – ممنوع استخدامه بدون موافقة Legal
CC-BY-SA-2.0-UK,Creative Commons Attribution Share Alike 2.0 England and Wales,False,False,DANGEROUS,0,ترخيص غير معروف أو مخصص أو غير موثوق – ممنوع استخدامه بدون موافقة Legal
CC-BY-SA-2.1-JP,Creative Commons Attribution Share Alike 2.1 Japan,False,False,DANGEROUS,0,ترخيص غير معروف أو مخصص أو غير موثوق – ممنوع استخدامه بدون موافقة Legal
CC-BY-SA-2.5,Creative Commons Attribution Share Alike 2.5 Generic,False,False,DANGEROUS,0,ترخيص غير معروف أو مخصص أو غير موثوق – ممنوع استخدامه بدون موافقة Legal
CC-BY-SA-3.0,Creative Commons Attribution Share Alike 3.0 Unported,False,False,DANGEROUS,0,ترخيص غير معروف أو مخصص أو غير موثوق – ممنوع استخدامه بدون موافقة Legal
CC-BY-SA-3.0-AT,Creative Commons Attribution Share Alike 3.0 Austria,False,False,DANGEROUS,0,ترخيص غير معروف أو مخصص أو غير موثوق – ممنوع استخدامه بدون موافقة Legal
CC-BY-SA-3.0-DE,Creative Commons Attribution Share Alike 3.0 Germany,False,False,DANGEROUS,0,ترخيص غير معروف أو مخصص أو غير موثوق – ممنوع استخدامه بدون موافقة Legal
CC-BY-SA-3.0-IGO,Creative Commons Attribution-ShareAlike 3.0 IGO,False,False,DANGEROUS,0,ترخيص غير معروف أو مخصص أو غير موثوق – ممنوع استخدامه بدون موافقة Legal
CC-BY-SA-4.0,Creative Commons Attribution Share Alike 4.0 International,False,False,DANGEROUS,0,ترخيص غير معروف أو مخصص أو غير موثوق – ممنوع استخدامه بدون موافقة Legal
CC-PDDC,Creative Commons Public Domain Dedication and Certification,False,False,DANGEROUS,0,ترخيص غير معروف أو مخصص أو غير موثوق – ممنوع استخدامه بدون موافقة Legal
CC-PDM-1.0,Creative    Commons Public Domain Mark 1.0 Universal,False,False,DANGEROUS,0,ترخيص غير معروف أو مخصص أو غير موثوق – ممنوع استخدامه بدون موافقة Legal
CC-SA-1.0,Creative Commons Share Alike 1.0 Generic,False,False,DANGEROUS,0,ترخيص غير معروف أو مخصص أو غير موثوق – ممنوع استخدامه بدون موافقة Legal
CDL-1.0,Common Documentation License 1.0,False,False,DANGEROUS,0,ترخيص غير معروف أو مخصص أو غير موثوق – ممنوع استخدامه بدون موافقة Legal
CDLA-Sharing-1.0,Community Data License Agreement Sharing 1.0,False,False,DANGEROUS,0,ترخيص غير معروف أو مخصص أو غير موثوق – ممنوع استخدامه بدون موافقة Legal
CECILL-1.0,CeCILL Free Software License Agreement v1.0,False,False,DANGEROUS,0,ترخيص غير معروف أو مخصص أو غير موثوق – ممنوع استخدامه بدون موافقة Legal
CECILL-1.1,CeCILL Free Software License Agreement v1.1,False,False,DANGEROUS,0,ترخيص غير معروف أو مخصص أو غير موثوق – ممنوع استخدامه بدون موافقة Legal
CECILL-2.0,CeCILL Free Software License Agreement v2.0,False,False,DANGEROUS,0,ترخيص غير معروف أو مخصص أو غير موثوق – ممنوع استخدامه بدون موافقة Legal
CECILL-B,CeCILL-B Free Software License Agreement,False,False,DANGEROUS,0,ترخيص غير معروف أو مخصص أو غير موثوق – ممنوع استخدامه بدون موافقة Legal
CECILL-C,CeCILL-C Free Software License Agreement,False,False,DANGEROUS,0,ترخيص غير معروف أو مخصص أو غير موثوق – ممنوع استخدامه بدون موافقة Legal
CERN-OHL-1.1,CERN Open Hardware Licence v1.1,False,False,DANGEROUS,0,ترخيص غير معروف أو مخصص أو غير موثوق – ممنوع استخدامه بدون موافقة Legal
CERN-OHL-1.2,CERN Open Hardware Licence v1.2,False,False,DANGEROUS,0,ترخيص غير معروف أو مخصص أو غير موثوق – ممنوع استخدامه بدون موافقة Legal
CFITSIO,CFITSIO License,False,False,DANGEROUS,0,ترخيص غير معروف أو مخصص أو غير موثوق – ممنوع استخدامه بدون موافقة Legal
CMU-Mach,CMU Mach License,False,False,DANGEROUS,0,ترخيص غير معروف أو مخصص أو غير موثوق – ممنوع استخدامه بدون موافقة Legal
CMU-Mach-nodoc,CMU    Mach - no notices-in-documentation variant,False,False,DANGEROUS,0,ترخيص غير معروف أو مخصص أو غير موثوق – ممنوع استخدامه بدون موافقة Legal
CNRI-Jython,CNRI Jython License,False,False,DANGEROUS,0,ترخيص غير معروف أو مخصص أو غير موثوق – ممنوع استخدامه بدون موافقة Legal
COIL-1.0,Copyfree Open Innovation License,False,False,DANGEROUS,0,ترخيص غير معروف أو مخصص أو غير موثوق – ممنوع استخدامه بدون موافقة Legal
CPOL-1.02,Code Project Open License 1.02,False,False,DANGEROUS,0,ترخيص غير معروف أو مخصص أو غير موثوق – ممنوع استخدامه بدون موافقة Legal
Caldera,Caldera License,False,False,DANGEROUS,0,ترخيص غير معروف أو مخصص أو غير موثوق – ممنوع استخدامه بدون موافقة Legal
Caldera-no-preamble,Caldera License (without preamble),False,False,DANGEROUS,0,ترخيص غير معروف أو مخصص أو غير موثوق – ممنوع استخدامه بدون موافقة Legal
Catharon,Catharon License,False,False,DANGEROUS,0,ترخيص غير معروف أو مخصص أو غير موثوق – ممنوع استخدامه بدون موافقة Legal
ClArtistic,Clarified Artistic License,False,False,DANGEROUS,0,ترخيص غير معروف أو مخصص أو غير موثوق – ممنوع استخدامه بدون موافقة Legal
Clips,Clips License,False,False,DANGEROUS,0,ترخيص غير معروف أو مخصص أو غير موثوق – ممنوع استخدامه بدون موافقة Legal
Community-Spec-1.0,Community Specification License 1.0,False,False,DANGEROUS,0,ترخيص غير معروف أو مخصص أو غير موثوق – ممنوع استخدامه بدون موافقة Legal
Condor-1.1,Condor Public License v1.1,False,False,DANGEROUS,0,ترخيص غير معروف أو مخصص أو غير موثوق – ممنوع استخدامه بدون موافقة Legal
Cornell-Lossless-JPEG,Cornell Lossless JPEG License,False,False,DANGEROUS,0,ترخيص غير معروف أو مخصص أو غير موثوق – ممنوع استخدامه بدون موافقة Legal
Cronyx,Cronyx License,False,False,DANGEROUS,0,ترخيص غير معروف أو مخصص أو غير موثوق – ممنوع استخدامه بدون موافقة Legal
Crossword,Crossword License,False,False,DANGEROUS,0,ترخيص غير معروف أو مخصص أو غير موثوق – ممنوع استخدامه بدون موافقة Legal
CryptoSwift,CryptoSwift License,False,False,DANGEROUS,0,ترخيص غير معروف أو مخصص أو غير موثوق – ممنوع استخدامه بدون موافقة Legal
CrystalStacker,CrystalStacker License,False,False,DANGEROUS,0,ترخيص غير معروف أو مخصص أو غير موثوق – ممنوع استخدامه بدون موافقة Legal
Cube,Cube License,False,False,DANGEROUS,0,ترخيص غير معروف أو مخصص أو غير موثوق – ممنوع استخدامه بدون موافقة Legal
D-FSL-1.0,Deutsche Freie Software Lizenz,False,False,DANGEROUS,0,ترخيص غير معروف أو مخصص أو غير موثوق – ممنوع استخدامه بدون موافقة Legal
DEC-3-Clause,DEC 3-Clause License,False,False,DANGEROUS,0,ترخيص غير معروف أو مخصص أو غير موثوق – ممنوع استخدامه بدون موافقة Legal
DL-DE-BY-2.0,Data licence Germany – attribution – version 2.0,False,False,DANGEROUS,0,ترخيص غير معروف أو مخصص أو غير موثوق – ممنوع استخدامه بدون موافقة Legal
DL-DE-ZERO-2.0,Data licence Germany – zero – version 2.0,False,False,DANGEROUS,0,ترخيص غير معروف أو مخصص أو غير موثوق – ممنوع استخدامه بدون موافقة Legal
DOC,DOC License,False,False,DANGEROUS,0,ترخيص غير معروف أو مخصص أو غير موثوق – ممنوع استخدامه بدون موافقة Legal
DRL-1.0,Detection Rule License 1.0,False,False,DANGEROUS,0,ترخيص غير معروف أو مخصص أو غير موثوق – ممنوع استخدامه بدون موافقة Legal
DRL-1.1,Detection Rule License 1.1,False,False,DANGEROUS,0,ترخيص غير معروف أو مخصص أو غير موثوق – ممنوع استخدامه بدون موافقة Legal
DSDP,DSDP License,False,False,DANGEROUS,0,ترخيص غير معروف أو مخصص أو غير موثوق – ممنوع استخدامه بدون موافقة Legal
DocBook-DTD,DocBook DTD License,False,False,DANGEROUS,0,ترخيص غير معروف أو مخصص أو غير موثوق – ممنوع استخدامه بدون موافقة Legal
DocBook-Schema,DocBook Schema License,False,False,DANGEROUS,0,ترخيص غير معروف أو مخصص أو غير موثوق – ممنوع استخدامه بدون موافقة Legal
DocBook-Stylesheet,DocBook Stylesheet License,False,False,DANGEROUS,0,ترخيص غير معروف أو مخصص أو غير موثوق – ممنوع استخدامه بدون موافقة Legal
DocBook-XML,DocBook XML License,False,False,DANGEROUS,0,ترخيص غير معروف أو مخصص أو غير موثوق – ممنوع استخدامه بدون موافقة Legal
Dotseqn,Dotseqn License,False,False,DANGEROUS,0,ترخيص غير معروف أو مخصص أو غير موثوق – ممنوع استخدامه بدون موافقة Legal
EPICS,EPICS Open License,False,False,DANGEROUS,0,ترخيص غير معروف أو مخصص أو غير موثوق – ممنوع استخدامه بدون موافقة Legal
ESA-PL-strong-copyleft-2.4,European Space Agency Public License (ESA-PL) - V2.4 - Strong Copyleft (Type 1),False,False,DANGEROUS,0,ترخيص غير معروف أو مخصص أو غير موثوق – ممنوع استخدامه بدون موافقة Legal
ESA-PL-weak-copyleft-2.4,European Space Agency Public License – v2.4 – Weak Copyleft (Type 2),False,False,DANGEROUS,0,ترخيص غير معروف أو مخصص أو غير موثوق – ممنوع استخدامه بدون موافقة Legal
Elastic-2.0,Elastic License 2.0,False,False,DANGEROUS,0,ترخيص غير معروف أو مخصص أو غير موثوق – ممنوع استخدامه بدون موافقة Legal
ErlPL-1.1,Erlang Public License v1.1,False,False,DANGEROUS,0,ترخيص غير معروف أو مخصص أو غير موثوق – ممنوع استخدامه بدون موافقة Legal
Eurosym,Eurosym License,False,False,DANGEROUS,0,ترخيص غير معروف أو مخصص أو غير موثوق – ممنوع استخدامه بدون موافقة Legal
FBM,Fuzzy Bitmap License,False,False,DANGEROUS,0,ترخيص غير معروف أو مخصص أو غير موثوق – ممنوع استخدامه بدون موافقة Legal
FDK-AAC,Fraunhofer FDK AAC Codec Library,False,False,DANGEROUS,0,ترخيص غير معروف أو مخصص أو غير موثوق – ممنوع استخدامه بدون موافقة Legal
FSL-1.1-ALv2,"Functional Source License, Version 1.1, ALv2 Future License",False,False,DANGEROUS,0,ترخيص غير معروف أو مخصص أو غير موثوق – ممنوع استخدامه بدون موافقة Legal
FTL,Freetype Project License,False,False,DANGEROUS,0,ترخيص غير معروف أو مخصص أو غير موثوق – ممنوع استخدامه بدون موافقة Legal
Ferguson-Twofish,Ferguson Twofish License,False,False,DANGEROUS,0,ترخيص غير معروف أو مخصص أو غير موثوق – ممنوع استخدامه بدون موافقة Legal
FreeImage,FreeImage Public License v1.0,False,False,DANGEROUS,0,ترخيص غير معروف أو مخصص أو غير موثوق – ممنوع استخدامه بدون موافقة Legal
Furuseth,Furuseth License,False,False,DANGEROUS,0,ترخيص غير معروف أو مخصص أو غير موثوق – ممنوع استخدامه بدون موافقة Legal
GCR-docs,Gnome GCR Documentation License,False,False,DANGEROUS,0,ترخيص غير معروف أو مخصص أو غير موثوق – ممنوع استخدامه بدون موافقة Legal
GD,GD License,False,False,DANGEROUS,0,ترخيص غير معروف أو مخصص أو غير موثوق – ممنوع استخدامه بدون موافقة Legal
GFDL-1.1,GNU Free Documentation License v1.1,False,True,DANGEROUS,0,ترخيص قديم ومُلغى رسميًا من SPDX – ممنوع استخدامه
GFDL-1.1-invariants-only,GNU Free Documentation License v1.1 only - invariants,False,False,DANGEROUS,0,ترخيص غير معروف أو مخصص أو غير موثوق – ممنوع استخدامه بدون موافقة Legal
GFDL-1.1-invariants-or-later,GNU Free Documentation License v1.1 or later - invariants,False,False,DANGEROUS,0,ترخيص غير معروف أو مخصص أو غير موثوق – ممنوع استخدامه بدون موافقة Legal
GFDL-1.1-no-invariants-only,GNU Free Documentation License v1.1 only - no invariants,False,False,DANGEROUS,0,ترخيص غير معروف أو مخصص أو غير موثوق – ممنوع استخدامه بدون موافقة Legal
GFDL-1.1-no-invariants-or-later,GNU Free Documentation License v1.1 or later - no invariants,False,False,DANGEROUS,0,ترخيص غير معروف أو مخصص أو غير موثوق – ممنوع استخدامه بدون موافقة Legal
GFDL-1.1-only,GNU Free Documentation License v1.1 only,False,False,DANGEROUS,0,ترخيص غير معروف أو مخصص أو غير موثوق – ممنوع استخدامه بدون موافقة Legal
GFDL-1.1-or-later,GNU Free Documentation License v1.1 or later,False,False,DANGEROUS,0,ترخيص غير معروف أو مخصص أو غير موثوق – ممنوع استخدامه بدون موافقة Legal
GFDL-1.2,GNU Free Documentation License v1.2,False,True,DANGEROUS,0,ترخيص قديم ومُلغى رسميًا من SPDX – ممنوع استخدامه
GFDL-1.2-invariants-only,GNU Free Documentation License v1.2 only - invariants,False,False,DANGEROUS,0,ترخيص غير معروف أو مخصص أو غير موثوق – ممنوع استخدامه بدون موافقة Legal
GFDL-1.2-invariants-or-later,GNU Free Documentation License v1.2 or later - invariants,False,False,DANGEROUS,0,ترخيص غير معروف أو مخصص أو غير موثوق – ممنوع استخدامه بدون موافقة Legal
GFDL-1.2-no-invariants-only,GNU Free Documentation License v1.2 only - no invariants,False,False,DANGEROUS,0,ترخيص غير معروف أو مخصص أو غير موثوق – ممنوع استخدامه بدون موافقة Legal
GFDL-1.2-no-invariants-or-later,GNU Free Documentation License v1.2 or later - no invariants,False,False,DANGEROUS,0,ترخيص غير معروف أو مخصص أو غير موثوق – ممنوع استخدامه بدون موافقة Legal
GFDL-1.2-only,GNU Free Documentation License v1.2 only,False,False,DANGEROUS,0,ترخيص غير معروف أو مخصص أو غير موثوق – ممنوع استخدامه بدون موافقة Legal
GFDL-1.2-or-later,GNU Free Documentation License v1.2 or later,False,False,DANGEROUS,0,ترخيص غير معروف أو مخصص أو غير موثوق – ممنوع استخدامه بدون موافقة Legal
GFDL-1.3,GNU Free Documentation License v1.3,False,True,DANGEROUS,0,ترخيص قديم ومُلغى رسميًا من SPDX – ممنوع استخدامه
GFDL-1.3-invariants-only,GNU Free Documentation License v1.3 only - invariants,False,False,DANGEROUS,0,ترخيص غير معروف أو مخصص أو غير موثوق – ممنوع استخدامه بدون موافقة Legal
GFDL-1.3-invariants-or-later,GNU Free Documentation License v1.3 or later - invariants,False,False,DANGEROUS,0,ترخيص غير معروف أو مخصص أو غير موثوق – ممنوع استخدامه بدون موافقة Legal
GFDL-1.3-no-invariants-only,GNU Free Documentation License v1.3 only - no invariants,False,False,DANGEROUS,0,ترخيص غير معروف أو مخصص أو غير موثوق – ممنوع استخدامه بدون موافقة Legal
GFDL-1.3-no-invariants-or-later,GNU Free Documentation License v1.3 or later - no invariants,False,False,DANGEROUS,0,ترخيص غير معروف أو مخصص أو غير موثوق – ممنوع استخدامه بدون موافقة Legal
GFDL-1.3-only,GNU Free Documentation License v1.3 only,False,False,DANGEROUS,0,ترخيص غير معروف أو مخصص أو غير موثوق – ممنوع استخدامه بدون موافقة Legal
GFDL-1.3-or-later,GNU Free Documentation License v1.3 or later,False,False,DANGEROUS,0,ترخيص غير معروف أو مخصص أو غير موثوق – ممنوع استخدامه بدون موافقة Legal
GL2PS,GL2PS License,False,False,DANGEROUS,0,ترخيص غير معروف أو مخصص أو غير موثوق – ممنوع استخدامه بدون موافقة Legal
GLWTPL,Good Luck With That Public License,False,False,DANGEROUS,0,ترخيص غير معروف أو مخصص أو غير موثوق – ممنوع استخدامه بدون موافقة Legal
GPL-1.0,GNU General Public License v1.0 only,False,True,DANGEROUS,0,ترخيص قديم ومُلغى رسميًا من SPDX – ممنوع استخدامه
GPL-1.0+,GNU General Public License v1.0 or later,False,True,DANGEROUS,0,ترخيص قديم ومُلغى رسميًا من SPDX – ممنوع استخدامه
GPL-2.0,GNU General Public License v2.0 only,True,True,DANGEROUS,0,ترخيص قديم ومُلغى رسميًا من SPDX – ممنوع استخدامه
GPL-2.0+,GNU General Public License v2.0 or later,True,True,DANGEROUS,0,ترخيص قديم ومُلغى رسميًا من SPDX – ممنوع استخدامه
GPL-2.0-with-GCC-exception,GNU General Public License v2.0 w/GCC Runtime Library exception,False,True,DANGEROUS,0,ترخيص قديم ومُلغى رسميًا من SPDX – ممنوع استخدامه
GPL-2.0-with-autoconf-exception,GNU General Public License v2.0 w/Autoconf exception,False,True,DANGEROUS,0,ترخيص قديم ومُلغى رسميًا من SPDX – ممنوع استخدامه
GPL-2.0-with-bison-exception,GNU General Public License v2.0 w/Bison exception,False,True,DANGEROUS,0,ترخيص قديم ومُلغى رسميًا من SPDX – ممنوع استخدامه
GPL-2.0-with-classpath-exception,GNU General Public License v2.0 w/Classpath exception,False,True,DANGEROUS,0,ترخيص قديم ومُلغى رسميًا من SPDX – ممنوع استخدامه
GPL-2.0-with-font-exception,GNU General Public License v2.0 w/Font exception,False,True,DANGEROUS,0,ترخيص قديم ومُلغى رسميًا من SPDX – ممنوع استخدامه
GPL-3.0,GNU General Public License v3.0 only,True,True,DANGEROUS,0,ترخيص قديم ومُلغى رسميًا من SPDX – ممنوع استخدامه
GPL-3.0+,GNU General Public License v3.0 or later,True,True,DANGEROUS,0,ترخيص قديم ومُلغى رسميًا من SPDX – ممنوع استخدامه
GPL-3.0-with-GCC-exception,GNU General Public License v3.0 w/GCC Runtime Library exception,True,True,DANGEROUS,0,ترخيص قديم ومُلغى رسميًا من SPDX – ممنوع استخدامه
GPL-3.0-with-autoconf-exception,GNU General Public License v3.0 w/Autoconf exception,False,True,DANGEROUS,0,ترخيص قديم ومُلغى رسميًا من SPDX – ممنوع استخدامه
Game-Programming-Gems,Game Programming Gems License,False,False,DANGEROUS,0,ترخيص غير معروف أو مخصص أو غير موثوق – ممنوع استخدامه بدون موافقة Legal
Giftware,Giftware License,False,False,DANGEROUS,0,ترخيص غير معروف أو مخصص أو غير موثوق – ممنوع استخدامه بدون موافقة Legal
Glide,3dfx Glide License,False,False,DANGEROUS,0,ترخيص غير معروف أو مخصص أو غير موثوق – ممنوع استخدامه بدون موافقة Legal
Glulxe,Glulxe License,False,False,DANGEROUS,0,ترخيص غير معروف أو مخصص أو غير موثوق – ممنوع استخدامه بدون موافقة Legal
Graphics-Gems,Graphics Gems License,False,False,DANGEROUS,0,ترخيص غير معروف أو مخصص أو غير موثوق – ممنوع استخدامه بدون موافقة Legal
Gutmann,Gutmann License,False,False,DANGEROUS,0,ترخيص غير معروف أو مخصص أو غير موثوق – ممنوع استخدامه بدون موافقة Legal
HDF5,HDF5 License,False,False,DANGEROUS,0,ترخيص غير معروف أو مخصص أو غير موثوق – ممنوع استخدامه بدون موافقة Legal
HIDAPI,HIDAPI License,False,False,DANGEROUS,0,ترخيص غير معروف أو مخصص أو غير موثوق – ممنوع استخدامه بدون موافقة Legal
HP-1986,Hewlett-Packard 1986 License,False,False,DANGEROUS,0,ترخيص غير معروف أو مخصص أو غير موثوق – ممنوع استخدامه بدون موافقة Legal
HP-1989,Hewlett-Packard 1989 License,False,False,DANGEROUS,0,ترخيص غير معروف أو مخصص أو غير موثوق – ممنوع استخدامه بدون موافقة Legal
HPND-export-US,HPND with US Government export control warning,False,False,DANGEROUS,0,ترخيص غير معروف أو مخصص أو غير موثوق – ممنوع استخدامه بدون موافقة Legal
HPND-export-US-acknowledgement,HPND with US Government export control warning and acknowledgment,False,False,DANGEROUS,0,ترخيص غير معروف أو مخصص أو غير موثوق – ممنوع استخدامه بدون موافقة Legal
HPND-export-US-modify,HPND with US Government export control warning and modification rqmt,False,False,DANGEROUS,0,ترخيص غير معروف أو مخصص أو غير موثوق – ممنوع استخدامه بدون موافقة Legal
HTMLTIDY,HTML Tidy License,False,False,DANGEROUS,0,ترخيص غير معروف أو مخصص أو غير موثوق – ممنوع استخدامه بدون موافقة Legal
HaskellReport,Haskell Language Report License,False,False,DANGEROUS,0,ترخيص غير معروف أو مخصص أو غير موثوق – ممنوع استخدامه بدون موافقة Legal
Hippocratic-2.1,Hippocratic License 2.1,False,False,DANGEROUS,0,ترخيص غير معروف أو مخصص أو غير موثوق – ممنوع استخدامه بدون موافقة Legal
IBM-pibs,IBM PowerPC Initialization and Boot Software,False,False,DANGEROUS,0,ترخيص غير معروف أو مخصص أو غير موثوق – ممنوع استخدامه بدون موافقة Legal
IEC-Code-Components-EULA,IEC    Code Components End-user licence agreement,False,False,DANGEROUS,0,ترخيص غير معروف أو مخصص أو غير موثوق – ممنوع استخدامه بدون موافقة Legal
IJG,Independent JPEG Group License,False,False,DANGEROUS,0,ترخيص غير معروف أو مخصص أو غير موثوق – ممنوع استخدامه بدون موافقة Legal
IJG-short,Independent JPEG Group License - short,False,False,DANGEROUS,0,ترخيص غير معروف أو مخصص أو غير موثوق – ممنوع استخدامه بدون موافقة Legal
ImageMagick,ImageMagick License,False,False,DANGEROUS,0,ترخيص غير معروف أو مخصص أو غير موثوق – ممنوع استخدامه بدون موافقة Legal
Imlib2,Imlib2 License,False,False,DANGEROUS,0,ترخيص غير معروف أو مخصص أو غير موثوق – ممنوع استخدامه بدون موافقة Legal
Info-ZIP,Info-ZIP License,False,False,DANGEROUS,0,ترخيص غير معروف أو مخصص أو غير موثوق – ممنوع استخدامه بدون موافقة Legal
Inner-Net-2.0,Inner Net License v2.0,False,False,DANGEROUS,0,ترخيص غير معروف أو مخصص أو غير موثوق – ممنوع استخدامه بدون موافقة Legal
InnoSetup,Inno Setup License,False,False,DANGEROUS,0,ترخيص غير معروف أو مخصص أو غير موثوق – ممنوع استخدامه بدون موافقة Legal
Intel-ACPI,Intel ACPI Software License Agreement,False,False,DANGEROUS,0,ترخيص غير معروف أو مخصص أو غير موثوق – ممنوع استخدامه بدون موافقة Legal
Interbase-1.0,Interbase Public License v1.0,False,False,DANGEROUS,0,ترخيص غير معروف أو مخصص أو غير موثوق – ممنوع استخدامه بدون موافقة Legal
JPL-image,JPL Image Use Policy,False,False,DANGEROUS,0,ترخيص غير معروف أو مخصص أو غير موثوق – ممنوع استخدامه بدون موافقة Legal
JPNIC,Japan Network Information Center License,False,False,DANGEROUS,0,ترخيص غير معروف أو مخصص أو غير موثوق – ممنوع استخدامه بدون موافقة Legal
JSON,JSON License,False,False,DANGEROUS,0,ترخيص غير معروف أو مخصص أو غير موثوق – ممنوع استخدامه بدون موافقة Legal
JasPer-2.0,JasPer License,False,False,DANGEROUS,0,ترخيص غير معروف أو مخصص أو غير موثوق – ممنوع استخدامه بدون موافقة Legal
Kastrup,Kastrup License,False,False,DANGEROUS,0,ترخيص غير معروف أو مخصص أو غير موثوق – ممنوع استخدامه بدون موافقة Legal
Knuth-CTAN,Knuth CTAN License,False,False,DANGEROUS,0,ترخيص غير معروف أو مخصص أو غير موثوق – ممنوع استخدامه بدون موافقة Legal
LAL-1.2,Licence Art Libre 1.2,False,False,DANGEROUS,0,ترخيص غير معروف أو مخصص أو غير موثوق – ممنوع استخدامه بدون موافقة Legal
LAL-1.3,Licence Art Libre 1.3,False,False,DANGEROUS,0,ترخيص غير معروف أو مخصص أو غير موثوق – ممنوع استخدامه بدون موافقة Legal
LGPL-2.0,GNU Library General Public License v2 only,True,True,DANGEROUS,0,ترخيص قديم ومُلغى رسميًا من SPDX – ممنوع استخدامه
LGPL-2.0+,GNU Library General Public License v2 or later,True,True,DANGEROUS,0,ترخيص قديم ومُلغى رسميًا من SPDX – ممنوع استخدامه
LGPL-2.1,GNU Lesser General Public License v2.1 only,True,True,DANGEROUS,0,ترخيص قديم ومُلغى رسميًا من SPDX – ممنوع استخدامه
LGPL-2.1+,GNU Lesser General Public License v2.1 or later,True,True,DANGEROUS,0,ترخيص قديم ومُلغى رسميًا من SPDX – ممنوع استخدامه
LGPL-3.0,GNU Lesser General Public License v3.0 only,True,True,DANGEROUS,0,ترخيص قديم ومُلغى رسميًا من SPDX – ممنوع استخدامه
LGPL-3.0+,GNU Lesser General Public License v3.0 or later,True,True,DANGEROUS,0,ترخيص قديم ومُلغى رسميًا من SPDX – ممنوع استخدامه
LOOP,Common Lisp LOOP License,False,False,DANGEROUS,0,ترخيص غير معروف أو مخصص أو غير موثوق – ممنوع استخدامه بدون موافقة Legal
LPD-document,LPD Documentation License,False,False,DANGEROUS,0,ترخيص غير معروف أو مخصص أو غير موثوق – ممنوع استخدامه بدون موافقة Legal
LPPL-1.0,LaTeX Project Public License v1.0,False,False,DANGEROUS,0,ترخيص غير معروف أو مخصص أو غير موثوق – ممنوع استخدامه بدون موافقة Legal
LPPL-1.1,LaTeX Project Public License v1.1,False,False,DANGEROUS,0,ترخيص غير معروف أو مخصص أو غير موثوق – ممنوع استخدامه بدون موافقة Legal
LPPL-1.2,LaTeX Project Public License v1.2,False,False,DANGEROUS,0,ترخيص غير معروف أو مخصص أو غير موثوق – ممنوع استخدامه بدون موافقة Legal
LPPL-1.3a,LaTeX Project Public License v1.3a,False,False,DANGEROUS,0,ترخيص غير معروف أو مخصص أو غير موثوق – ممنوع استخدامه بدون موافقة Legal
LZMA-SDK-9.11-to-9.20,LZMA SDK License (versions 9.11 to 9.20),False,False,DANGEROUS,0,ترخيص غير معروف أو مخصص أو غير موثوق – ممنوع استخدامه بدون موافقة Legal
LZMA-SDK-9.22,LZMA SDK License (versions 9.22 and beyond),False,False,DANGEROUS,0,ترخيص غير معروف أو مخصص أو غير موثوق – ممنوع استخدامه بدون موافقة Legal
Latex2e,Latex2e License,False,False,DANGEROUS,0,ترخيص غير معروف أو مخصص أو غير موثوق – ممنوع استخدامه بدون موافقة Legal
Latex2e-translated-notice,Latex2e with translated notice permission,False,False,DANGEROUS,0,ترخيص غير معروف أو مخصص أو غير موثوق – ممنوع استخدامه بدون موافقة Legal
Leptonica,Leptonica License,False,False,DANGEROUS,0,ترخيص غير معروف أو مخصص أو غير موثوق – ممنوع استخدامه بدون موافقة Legal
Libpng,libpng License,False,False,DANGEROUS,0,ترخيص غير معروف أو مخصص أو غير موثوق – ممنوع استخدامه بدون موافقة Legal
Linux-OpenIB,Linux Kernel Variant of OpenIB.org license,False,False,DANGEROUS,0,ترخيص غير معروف أو مخصص أو غير موثوق – ممنوع استخدامه بدون موافقة Legal
Linux-man-pages-1-para,Linux man-pages - 1 paragraph,False,False,DANGEROUS,0,ترخيص غير معروف أو مخصص أو غير موثوق – ممنوع استخدامه بدون موافقة Legal
Linux-man-pages-copyleft,Linux man-pages Copyleft,False,False,DANGEROUS,0,ترخيص غير معروف أو مخصص أو غير موثوق – ممنوع استخدامه بدون موافقة Legal
Linux-man-pages-copyleft-2-para,Linux man-pages Copyleft - 2 paragraphs,False,False,DANGEROUS,0,ترخيص غير معروف أو مخصص أو غير موثوق – ممنوع استخدامه بدون موافقة Legal
Linux-man-pages-copyleft-var,Linux man-pages Copyleft Variant,False,False,DANGEROUS,0,ترخيص غير معروف أو مخصص أو غير موثوق – ممنوع استخدامه بدون موافقة Legal
Lucida-Bitmap-Fonts,Lucida Bitmap Fonts License,False,False,DANGEROUS,0,ترخيص غير معروف أو مخصص أو غير موثوق – ممنوع استخدامه بدون موافقة Legal
MIPS,MIPS License,False,False,DANGEROUS,0,ترخيص غير معروف أو مخصص أو غير موثوق – ممنوع استخدامه بدون موافقة Legal
MMIXware,MMIXware License,False,False,DANGEROUS,0,ترخيص غير معروف أو مخصص أو غير موثوق – ممنوع استخدامه بدون موافقة Legal
MPEG-SSG,MPEG Software Simulation,False,False,DANGEROUS,0,ترخيص غير معروف أو مخصص أو غير موثوق – ممنوع استخدامه بدون موافقة Legal
MTLL,Matrix Template Library License,False,False,DANGEROUS,0,ترخيص غير معروف أو مخصص أو غير موثوق – ممنوع استخدامه بدون موافقة Legal
Mackerras-3-Clause,Mackerras 3-Clause License,False,False,DANGEROUS,0,ترخيص غير معروف أو مخصص أو غير موثوق – ممنوع استخدامه بدون موافقة Legal
Mackerras-3-Clause-acknowledgment,Mackerras 3-Clause - acknowledgment variant,False,False,DANGEROUS,0,ترخيص غير معروف أو مخصص أو غير موثوق – ممنوع استخدامه بدون موافقة Legal
MakeIndex,MakeIndex License,False,False,DANGEROUS,0,ترخيص غير معروف أو مخصص أو غير موثوق – ممنوع استخدامه بدون موافقة Legal
Martin-Birgmeier,Martin Birgmeier License,False,False,DANGEROUS,0,ترخيص غير معروف أو مخصص أو غير موثوق – ممنوع استخدامه بدون موافقة Legal
McPhee-slideshow,McPhee Slideshow License,False,False,DANGEROUS,0,ترخيص غير معروف أو مخصص أو غير موثوق – ممنوع استخدامه بدون موافقة Legal
Minpack,Minpack License,False,False,DANGEROUS,0,ترخيص غير معروف أو مخصص أو غير موثوق – ممنوع استخدامه بدون موافقة Legal
Mup,Mup License,False,False,DANGEROUS,0,ترخيص غير معروف أو مخصص أو غير موثوق – ممنوع استخدامه بدون موافقة Legal
NAIST-2003,Nara Institute of Science and Technology License (2003),False,False,DANGEROUS,0,ترخيص غير معروف أو مخصص أو غير موثوق – ممنوع استخدامه بدون موافقة Legal
NBPL-1.0,Net Boolean Public License v1,False,False,DANGEROUS,0,ترخيص غير معروف أو مخصص أو غير موثوق – ممنوع استخدامه بدون موافقة Legal
NCBI-PD,NCBI Public Domain Notice,False,False,DANGEROUS,0,ترخيص غير معروف أو مخصص أو غير موثوق – ممنوع استخدامه بدون موافقة Legal
NCGL-UK-2.0,Non-Commercial Government Licence,False,False,DANGEROUS,0,ترخيص غير معروف أو مخصص أو غير موثوق – ممنوع استخدامه بدون موافقة Legal
NCL,NCL Source Code License,False,False,DANGEROUS,0,ترخيص غير معروف أو مخصص أو غير موثوق – ممنوع استخدامه بدون موافقة Legal
NICTA-1.0,"NICTA Public Software License, Version 1.0",False,False,DANGEROUS,0,ترخيص غير معروف أو مخصص أو غير موثوق – ممنوع استخدامه بدون موافقة Legal
NIST-PD,NIST Public Domain Notice,False,False,DANGEROUS,0,ترخيص غير معروف أو مخصص أو غير موثوق – ممنوع استخدامه بدون موافقة Legal
NIST-PD-TNT,NIST    Public Domain Notice TNT variant,False,False,DANGEROUS,0,ترخيص غير معروف أو مخصص أو غير موثوق – ممنوع استخدامه بدون موافقة Legal
NIST-PD-fallback,NIST Public Domain Notice with license fallback,False,False,DANGEROUS,0,ترخيص غير معروف أو مخصص أو غير موثوق – ممنوع استخدامه بدون موافقة Legal
NIST-Software,NIST Software License,False,False,DANGEROUS,0,ترخيص غير معروف أو مخصص أو غير موثوق – ممنوع استخدامه بدون موافقة Legal
NLOD-1.0,Norwegian Licence for Open Government Data (NLOD) 1.0,False,False,DANGEROUS,0,ترخيص غير معروف أو مخصص أو غير موثوق – ممنوع استخدامه بدون موافقة Legal
NLOD-2.0,Norwegian Licence for Open Government Data (NLOD) 2.0,False,False,DANGEROUS,0,ترخيص غير معروف أو مخصص أو غير موثوق – ممنوع استخدامه بدون موافقة Legal
NOSL,Netizen Open Source License,False,False,DANGEROUS,0,ترخيص غير معروف أو مخصص أو غير موثوق – ممنوع استخدامه بدون موافقة Legal
NPL-1.0,Netscape Public License v1.0,False,False,DANGEROUS,0,ترخيص غير معروف أو مخصص أو غير موثوق – ممنوع استخدامه بدون موافقة Legal
NPL-1.1,Netscape Public License v1.1,False,False,DANGEROUS,0,ترخيص غير معروف أو مخصص أو غير موثوق – ممنوع استخدامه بدون موافقة Legal
NRL,NRL License,False,False,DANGEROUS,0,ترخيص غير معروف أو مخصص أو غير موثوق – ممنوع استخدامه بدون موافقة Legal
NTIA-PD,NTIA Public Domain Notice,False,False,DANGEROUS,0,ترخيص غير معروف أو مخصص أو غير موثوق – ممنوع استخدامه بدون موافقة Legal
NTP-0,NTP No Attribution,False,False,DANGEROUS,0,ترخيص غير معروف أو مخصص أو غير موثوق – ممنوع استخدامه بدون موافقة Legal
Net-SNMP,Net-SNMP License,False,True,DANGEROUS,0,ترخيص قديم ومُلغى رسميًا من SPDX – ممنوع استخدامه
NetCDF,NetCDF license,False,False,DANGEROUS,0,ترخيص غير معروف أو مخصص أو غير موثوق – ممنوع استخدامه بدون موافقة Legal
Newsletr,Newsletr License,False,False,DANGEROUS,0,ترخيص غير معروف أو مخصص أو غير موثوق – ممنوع استخدامه بدون موافقة Legal
Noweb,Noweb License,False,False,DANGEROUS,0,ترخيص غير معروف أو مخصص أو غير موثوق – ممنوع استخدامه بدون موافقة Legal
Nunit,Nunit License,False,True,DANGEROUS,0,ترخيص قديم ومُلغى رسميًا من SPDX – ممنوع استخدامه
O-UDA-1.0,Open Use of Data Agreement v1.0,False,False,DANGEROUS,0,ترخيص غير معروف أو مخصص أو غير موثوق – ممنوع استخدامه بدون موافقة Legal
OAR,OAR License,False,False,DANGEROUS,0,ترخيص غير معروف أو مخصص أو غير موثوق – ممنوع استخدامه بدون موافقة Legal
OCCT-PL,Open CASCADE Technology Public License,False,False,DANGEROUS,0,ترخيص غير معروف أو مخصص أو غير موثوق – ممنوع استخدامه بدون موافقة Legal
ODC-By-1.0,Open Data Commons Attribution License v1.0,False,False,DANGEROUS,0,ترخيص غير معروف أو مخصص أو غير موثوق – ممنوع استخدامه بدون موافقة Legal
ODbL-1.0,Open Data Commons Open Database License v1.0,False,False,DANGEROUS,0,ترخيص غير معروف أو مخصص أو غير موثوق – ممنوع استخدامه بدون موافقة Legal
OFFIS,OFFIS License,False,False,DANGEROUS,0,ترخيص غير معروف أو مخصص أو غير موثوق – ممنوع استخدامه بدون موافقة Legal
OGC-1.0,"OGC Software License, Version 1.0",False,False,DANGEROUS,0,ترخيص غير معروف أو مخصص أو غير موثوق – ممنوع استخدامه بدون موافقة Legal
OGDL-Taiwan-1.0,"Taiwan Open Government Data License, version 1.0",False,False,DANGEROUS,0,ترخيص غير معروف أو مخصص أو غير موثوق – ممنوع استخدامه بدون موافقة Legal
OGL-Canada-2.0,Open Government Licence - Canada,False,False,DANGEROUS,0,ترخيص غير معروف أو مخصص أو غير موثوق – ممنوع استخدامه بدون موافقة Legal
OGL-UK-1.0,Open Government Licence v1.0,False,False,DANGEROUS,0,ترخيص غير معروف أو مخصص أو غير موثوق – ممنوع استخدامه بدون موافقة Legal
OGL-UK-2.0,Open Government Licence v2.0,False,False,DANGEROUS,0,ترخيص غير معروف أو مخصص أو غير موثوق – ممنوع استخدامه بدون موافقة Legal
OGL-UK-3.0,Open Government Licence v3.0,False,False,DANGEROUS,0,ترخيص غير معروف أو مخصص أو غير موثوق – ممنوع استخدامه بدون موافقة Legal
OLDAP-1.1,Open LDAP Public License v1.1,False,False,DANGEROUS,0,ترخيص غير معروف أو مخصص أو غير موثوق – ممنوع استخدامه بدون موافقة Legal
OLDAP-1.2,Open LDAP Public License v1.2,False,False,DANGEROUS,0,ترخيص غير معروف أو مخصص أو غير موثوق – ممنوع استخدامه بدون موافقة Legal
OLDAP-1.3,Open LDAP Public License v1.3,False,False,DANGEROUS,0,ترخيص غير معروف أو مخصص أو غير موثوق – ممنوع استخدامه بدون موافقة Legal
OLDAP-1.4,Open LDAP Public License v1.4,False,False,DANGEROUS,0,ترخيص غير معروف أو مخصص أو غير موثوق – ممنوع استخدامه بدون موافقة Legal
OLDAP-2.0,Open LDAP Public License v2.0 (or possibly 2.0A and 2.0B),False,False,DANGEROUS,0,ترخيص غير معروف أو مخصص أو غير موثوق – ممنوع استخدامه بدون موافقة Legal
OLDAP-2.0.1,Open LDAP Public License v2.0.1,False,False,DANGEROUS,0,ترخيص غير معروف أو مخصص أو غير موثوق – ممنوع استخدامه بدون موافقة Legal
OLDAP-2.1,Open LDAP Public License v2.1,False,False,DANGEROUS,0,ترخيص غير معروف أو مخصص أو غير موثوق – ممنوع استخدامه بدون موافقة Legal
OLDAP-2.2,Open LDAP Public License v2.2,False,False,DANGEROUS,0,ترخيص غير معروف أو مخصص أو غير موثوق – ممنوع استخدامه بدون موافقة Legal
OLDAP-2.2.1,Open LDAP Public License v2.2.1,False,False,DANGEROUS,0,ترخيص غير معروف أو مخصص أو غير موثوق – ممنوع استخدامه بدون موافقة Legal
OLDAP-2.2.2,Open LDAP Public License 2.2.2,False,False,DANGEROUS,0,ترخيص غير معروف أو مخصص أو غير موثوق – ممنوع استخدامه بدون موافقة Legal
OLDAP-2.3,Open LDAP Public License v2.3,False,False,DANGEROUS,0,ترخيص غير معروف أو مخصص أو غير موثوق – ممنوع استخدامه بدون موافقة Legal
OLDAP-2.4,Open LDAP Public License v2.4,False,False,DANGEROUS,0,ترخيص غير معروف أو مخصص أو غير موثوق – ممنوع استخدامه بدون موافقة Legal
OLDAP-2.5,Open LDAP Public License v2.5,False,False,DANGEROUS,0,ترخيص غير معروف أو مخصص أو غير موثوق – ممنوع استخدامه بدون موافقة Legal
OLDAP-2.6,Open LDAP Public License v2.6,False,False,DANGEROUS,0,ترخيص غير معروف أو مخصص أو غير موثوق – ممنوع استخدامه بدون موافقة Legal
OLDAP-2.7,Open LDAP Public License v2.7,False,False,DANGEROUS,0,ترخيص غير معروف أو مخصص أو غير موثوق – ممنوع استخدامه بدون موافقة Legal
OML,Open Market License,False,False,DANGEROUS,0,ترخيص غير معروف أو مخصص أو غير موثوق – ممنوع استخدامه بدون موافقة Legal
OPL-1.0,Open Public License v1.0,False,False,DANGEROUS,0,ترخيص غير معروف أو مخصص أو غير موثوق – ممنوع استخدامه بدون موافقة Legal
OPL-UK-3.0,United    Kingdom Open Parliament Licence v3.0,False,False,DANGEROUS,0,ترخيص غير معروف أو مخصص أو غير موثوق – ممنوع استخدامه بدون موافقة Legal
OPUBL-1.0,Open Publication License v1.0,False,False,DANGEROUS,0,ترخيص غير معروف أو مخصص أو غير موثوق – ممنوع استخدامه بدون موافقة Legal
OSL-1.1,Open Software License 1.1,False,False,DANGEROUS,0,ترخيص غير معروف أو مخصص أو غير موثوق – ممنوع استخدامه بدون موافقة Legal
OSSP,OSSP License,False,False,DANGEROUS,0,ترخيص غير معروف أو مخصص أو غير موثوق – ممنوع استخدامه بدون موافقة Legal
OpenPBS-2.3,OpenPBS v2.3 Software License,False,False,DANGEROUS,0,ترخيص غير معروف أو مخصص أو غير موثوق – ممنوع استخدامه بدون موافقة Legal
OpenSSL,OpenSSL License,False,False,DANGEROUS,0,ترخيص غير معروف أو مخصص أو غير موثوق – ممنوع استخدامه بدون موافقة Legal
OpenSSL-standalone,OpenSSL License - standalone,False,False,DANGEROUS,0,ترخيص غير معروف أو مخصص أو غير موثوق – ممنوع استخدامه بدون موافقة Legal
OpenVision,OpenVision License,False,False,DANGEROUS,0,ترخيص غير معروف أو مخصص أو غير موثوق – ممنوع استخدامه بدون موافقة Legal
PADL,PADL License,False,False,DANGEROUS,0,ترخيص غير معروف أو مخصص أو غير موثوق – ممنوع استخدامه بدون موافقة Legal
PDDL-1.0,Open Data Commons Public Domain Dedication & License 1.0,False,False,DANGEROUS,0,ترخيص غير معروف أو مخصص أو غير موثوق – ممنوع استخدامه بدون موافقة Legal
PPL,Peer Production License,False,False,DANGEROUS,0,ترخيص غير معروف أو مخصص أو غير موثوق – ممنوع استخدامه بدون موافقة Legal
PSF-2.0,Python Software Foundation License 2.0,False,False,DANGEROUS,0,ترخيص غير معروف أو مخصص أو غير موثوق – ممنوع استخدامه بدون موافقة Legal
Parity-6.0.0,The Parity Public License 6.0.0,False,False,DANGEROUS,0,ترخيص غير معروف أو مخصص أو غير موثوق – ممنوع استخدامه بدون موافقة Legal
Parity-7.0.0,The Parity Public License 7.0.0,False,False,DANGEROUS,0,ترخيص غير معروف أو مخصص أو غير موثوق – ممنوع استخدامه بدون موافقة Legal
Pixar,Pixar License,False,False,DANGEROUS,0,ترخيص غير معروف أو مخصص أو غير موثوق – ممنوع استخدامه بدون موافقة Legal
Plexus,Plexus Classworlds License,False,False,DANGEROUS,0,ترخيص غير معروف أو مخصص أو غير موثوق – ممنوع استخدامه بدون موافقة Legal
PolyForm-Noncommercial-1.0.0,PolyForm Noncommercial License 1.0.0,False,False,DANGEROUS,0,ترخيص غير معروف أو مخصص أو غير موثوق – ممنوع استخدامه بدون موافقة Legal
PolyForm-Small-Business-1.0.0,PolyForm Small Business License 1.0.0,False,False,DANGEROUS,0,ترخيص غير معروف أو مخصص أو غير موثوق – ممنوع استخدامه بدون موافقة Legal
Python-2.0.1,Python License 2.0.1,False,False,DANGEROUS,0,ترخيص غير معروف أو مخصص أو غير موثوق – ممنوع استخدامه بدون موافقة Legal
QPL-1.0-INRIA-2004,Q Public License 1.0 - INRIA 2004 variant,False,False,DANGEROUS,0,ترخيص غير معروف أو مخصص أو غير موثوق – ممنوع استخدامه بدون موافقة Legal
Qhull,Qhull License,False,False,DANGEROUS,0,ترخيص غير معروف أو مخصص أو غير موثوق – ممنوع استخدامه بدون موافقة Legal
RHeCos-1.1,Red Hat eCos Public License v1.1,False,False,DANGEROUS,0,ترخيص غير معروف أو مخصص أو غير موثوق – ممنوع استخدامه بدون موافقة Legal
RSA-MD,RSA Message-Digest License,False,False,DANGEROUS,0,ترخيص غير معروف أو مخصص أو غير موثوق – ممنوع استخدامه بدون موافقة Legal
Ruby,Ruby License,False,False,DANGEROUS,0,ترخيص غير معروف أو مخصص أو غير موثوق – ممنوع استخدامه بدون موافقة Legal
Ruby-pty,Ruby pty extension license,False,False,DANGEROUS,0,ترخيص غير معروف أو مخصص أو غير موثوق – ممنوع استخدامه بدون موافقة Legal
SAX-PD,Sax Public Domain Notice,False,False,DANGEROUS,0,ترخيص غير معروف أو مخصص أو غير موثوق – ممنوع استخدامه بدون موافقة Legal
SAX-PD-2.0,Sax Public Domain Notice 2.0,False,False,DANGEROUS,0,ترخيص غير معروف أو مخصص أو غير موثوق – ممنوع استخدامه بدون موافقة Legal
SCEA,SCEA Shared Source License,False,False,DANGEROUS,0,ترخيص غير معروف أو مخصص أو غير موثوق – ممنوع استخدامه بدون موافقة Legal
SGI-B-1.0,SGI Free Software License B v1.0,False,False,DANGEROUS,0,ترخيص غير معروف أو مخصص أو غير موثوق – ممنوع استخدامه بدون موافقة Legal
SGI-B-1.1,SGI Free Software License B v1.1,False,False,DANGEROUS,0,ترخيص غير معروف أو مخصص أو غير موثوق – ممنوع استخدامه بدون موافقة Legal
SGI-B-2.0,SGI Free Software License B v2.0,False,False,DANGEROUS,0,ترخيص غير معروف أو مخصص أو غير موثوق – ممنوع استخدامه بدون موافقة Legal
SGI-OpenGL,SGI OpenGL License,False,False,DANGEROUS,0,ترخيص غير معروف أو مخصص أو غير موثوق – ممنوع استخدامه بدون موافقة Legal
SGMLUG-PM,SGMLUG Parser Materials License,False,False,DANGEROUS,0,ترخيص غير معروف أو مخصص أو غير موثوق – ممنوع استخدامه بدون موافقة Legal
SGP4,SGP4 Permission Notice,False,False,DANGEROUS,0,ترخيص غير معروف أو مخصص أو غير موثوق – ممنوع استخدامه بدون موافقة Legal
SHL-0.5,Solderpad Hardware License v0.5,False,False,DANGEROUS,0,ترخيص غير معروف أو مخصص أو غير موثوق – ممنوع استخدامه بدون موافقة Legal
SHL-0.51,"Solderpad Hardware License, Version 0.51",False,False,DANGEROUS,0,ترخيص غير معروف أو مخصص أو غير موثوق – ممنوع استخدامه بدون موافقة Legal
SISSL-1.2,Sun Industry Standards Source License v1.2,False,False,DANGEROUS,0,ترخيص غير معروف أو مخصص أو غير موثوق – ممنوع استخدامه بدون موافقة Legal
SL,SL License,False,False,DANGEROUS,0,ترخيص غير معروف أو مخصص أو غير موثوق – ممنوع استخدامه بدون موافقة Legal
SMLNJ,Standard ML of New Jersey License,False,False,DANGEROUS,0,ترخيص غير معروف أو مخصص أو غير موثوق – ممنوع استخدامه بدون موافقة Legal
SMPPL,Secure Messaging Protocol Public License,False,False,DANGEROUS,0,ترخيص غير معروف أو مخصص أو غير موثوق – ممنوع استخدامه بدون موافقة Legal
SNIA,SNIA Public License 1.1,False,False,DANGEROUS,0,ترخيص غير معروف أو مخصص أو غير موثوق – ممنوع استخدامه بدون موافقة Legal
SOFA,SOFA Software License,False,False,DANGEROUS,0,ترخيص غير معروف أو مخصص أو غير موثوق – ممنوع استخدامه بدون موافقة Legal
SSH-OpenSSH,SSH OpenSSH license,False,False,DANGEROUS,0,ترخيص غير معروف أو مخصص أو غير موثوق – ممنوع استخدامه بدون موافقة Legal
SSH-short,SSH short notice,False,False,DANGEROUS,0,ترخيص غير معروف أو مخصص أو غير موثوق – ممنوع استخدامه بدون موافقة Legal
SSLeay-standalone,SSLeay License - standalone,False,False,DANGEROUS,0,ترخيص غير معروف أو مخصص أو غير موثوق – ممنوع استخدامه بدون موافقة Legal
SSPL-1.0,"Server Side Public License, v 1",False,False,DANGEROUS,0,ترخيص غير معروف أو مخصص أو غير موثوق – ممنوع استخدامه بدون موافقة Legal
SUL-1.0,Sustainable Use License v1.0,False,False,DANGEROUS,0,ترخيص غير معروف أو مخصص أو غير موثوق – ممنوع استخدامه بدون موافقة Legal
SWL,Scheme Widget Library (SWL) Software License Agreement,False,False,DANGEROUS,0,ترخيص غير معروف أو مخصص أو غير موثوق – ممنوع استخدامه بدون موافقة Legal
Saxpath,Saxpath License,False,False,DANGEROUS,0,ترخيص غير معروف أو مخصص أو غير موثوق – ممنوع استخدامه بدون موافقة Legal
SchemeReport,Scheme Language Report License,False,False,DANGEROUS,0,ترخيص غير معروف أو مخصص أو غير موثوق – ممنوع استخدامه بدون موافقة Legal
Sendmail,Sendmail License,False,False,DANGEROUS,0,ترخيص غير معروف أو مخصص أو غير موثوق – ممنوع استخدامه بدون موافقة Legal
Sendmail-8.23,Sendmail License 8.23,False,False,DANGEROUS,0,ترخيص غير معروف أو مخصص أو غير موثوق – ممنوع استخدامه بدون موافقة Legal
Sendmail-Open-Source-1.1,Sendmail Open Source License v1.1,False,False,DANGEROUS,0,ترخيص غير معروف أو مخصص أو غير موثوق – ممنوع استخدامه بدون موافقة Legal
Soundex,Soundex License,False,False,DANGEROUS,0,ترخيص غير معروف أو مخصص أو غير موثوق – ممنوع استخدامه بدون موافقة Legal
Spencer-86,Spencer License 86,False,False,DANGEROUS,0,ترخيص غير معروف أو مخصص أو غير موثوق – ممنوع استخدامه بدون موافقة Legal
Spencer-94,Spencer License 94,False,False,DANGEROUS,0,ترخيص غير معروف أو مخصص أو غير موثوق – ممنوع استخدامه بدون موافقة Legal
Spencer-99,Spencer License 99,False,False,DANGEROUS,0,ترخيص غير معروف أو مخصص أو غير موثوق – ممنوع استخدامه بدون موافقة Legal
StandardML-NJ,Standard ML of New Jersey License,False,True,DANGEROUS,0,ترخيص قديم ومُلغى رسميًا من SPDX – ممنوع استخدامه
SugarCRM-1.1.3,SugarCRM Public License v1.1.3,False,False,DANGEROUS,0,ترخيص غير معروف أو مخصص أو غير موثوق – ممنوع استخدامه بدون موافقة Legal
Sun-PPP,Sun PPP License,False,False,DANGEROUS,0,ترخيص غير معروف أو مخصص أو غير موثوق – ممنوع استخدامه بدون موافقة Legal
Sun-PPP-2000,Sun PPP License (2000),False,False,DANGEROUS,0,ترخيص غير معروف أو مخصص أو غير موثوق – ممنوع استخدامه بدون موافقة Legal
SunPro,SunPro License,False,False,DANGEROUS,0,ترخيص غير معروف أو مخصص أو غير موثوق – ممنوع استخدامه بدون موافقة Legal
Symlinks,Symlinks License,False,False,DANGEROUS,0,ترخيص غير معروف أو مخصص أو غير موثوق – ممنوع استخدامه بدون موافقة Legal
TAPR-OHL-1.0,TAPR Open Hardware License v1.0,False,False,DANGEROUS,0,ترخيص غير معروف أو مخصص أو غير موثوق – ممنوع استخدامه بدون موافقة Legal
TCL,TCL/TK License,False,False,DANGEROUS,0,ترخيص غير معروف أو مخصص أو غير موثوق – ممنوع استخدامه بدون موافقة Legal
TCP-wrappers,TCP Wrappers License,False,False,DANGEROUS,0,ترخيص غير معروف أو مخصص أو غير موثوق – ممنوع استخدامه بدون موافقة Legal
TGPPL-1.0,Transitive Grace Period Public Licence 1.0,False,False,DANGEROUS,0,ترخيص غير معروف أو مخصص أو غير موثوق – ممنوع استخدامه بدون موافقة Legal
TMate,TMate Open Source License,False,False,DANGEROUS,0,ترخيص غير معروف أو مخصص أو غير موثوق – ممنوع استخدامه بدون موافقة Legal
TORQUE-1.1,TORQUE v2.5+ Software License v1.1,False,False,DANGEROUS,0,ترخيص غير معروف أو مخصص أو غير موثوق – ممنوع استخدامه بدون موافقة Legal
TOSL,Trusster Open Source License,False,False,DANGEROUS,0,ترخيص غير معروف أو مخصص أو غير موثوق – ممنوع استخدامه بدون موافقة Legal
TPDL,Time::ParseDate License,False,False,DANGEROUS,0,ترخيص غير معروف أو مخصص أو غير موثوق – ممنوع استخدامه بدون موافقة Legal
TPL-1.0,THOR Public License 1.0,False,False,DANGEROUS,0,ترخيص غير معروف أو مخصص أو غير موثوق – ممنوع استخدامه بدون موافقة Legal
TTWL,Text-Tabs+Wrap License,False,False,DANGEROUS,0,ترخيص غير معروف أو مخصص أو غير موثوق – ممنوع استخدامه بدون موافقة Legal
TTYP0,TTYP0 License,False,False,DANGEROUS,0,ترخيص غير معروف أو مخصص أو غير موثوق – ممنوع استخدامه بدون موافقة Legal
TermReadKey,TermReadKey License,False,False,DANGEROUS,0,ترخيص غير معروف أو مخصص أو غير موثوق – ممنوع استخدامه بدون موافقة Legal
ThirdEye,ThirdEye License,False,False,DANGEROUS,0,ترخيص غير معروف أو مخصص أو غير موثوق – ممنوع استخدامه بدون موافقة Legal
TrustedQSL,TrustedQSL License,False,False,DANGEROUS,0,ترخيص غير معروف أو مخصص أو غير موثوق – ممنوع استخدامه بدون موافقة Legal
UCAR,UCAR License,False,False,DANGEROUS,0,ترخيص غير معروف أو مخصص أو غير موثوق – ممنوع استخدامه بدون موافقة Legal
UMich-Merit,Michigan/Merit Networks License,False,False,DANGEROUS,0,ترخيص غير معروف أو مخصص أو غير موثوق – ممنوع استخدامه بدون موافقة Legal
URT-RLE,Utah Raster Toolkit Run Length Encoded License,False,False,DANGEROUS,0,ترخيص غير معروف أو مخصص أو غير موثوق – ممنوع استخدامه بدون موافقة Legal
Ubuntu-font-1.0,Ubuntu Font Licence v1.0,False,False,DANGEROUS,0,ترخيص غير معروف أو مخصص أو غير موثوق – ممنوع استخدامه بدون موافقة Legal
Unicode-DFS-2015,Unicode License Agreement - Data Files and Software (2015),False,False,DANGEROUS,0,ترخيص غير معروف أو مخصص أو غير موثوق – ممنوع استخدامه بدون موافقة Legal
Unicode-TOU,Unicode Terms of Use,False,False,DANGEROUS,0,ترخيص غير معروف أو مخصص أو غير موثوق – ممنوع استخدامه بدون موافقة Legal
UnixCrypt,UnixCrypt License,False,False,DANGEROUS,0,ترخيص غير معروف أو مخصص أو غير موثوق – ممنوع استخدامه بدون موافقة Legal
VOSTROM,VOSTROM Public License for Open Source,False,False,DANGEROUS,0,ترخيص غير معروف أو مخصص أو غير موثوق – ممنوع استخدامه بدون موافقة Legal
Vim,Vim License,False,False,DANGEROUS,0,ترخيص غير معروف أو مخصص أو غير موثوق – ممنوع استخدامه بدون موافقة Legal
W3C-19980720,W3C Software Notice and License (1998-07-20),False,False,DANGEROUS,0,ترخيص غير معروف أو مخصص أو غير موثوق – ممنوع استخدامه بدون موافقة Legal
WTFNMFPL,Do What The F*ck You Want To But It's Not My Fault Public License,False,False,DANGEROUS,0,ترخيص غير معروف أو مخصص أو غير موثوق – ممنوع استخدامه بدون موافقة Legal
Widget-Workshop,Widget Workshop License,False,False,DANGEROUS,0,ترخيص غير معروف أو مخصص أو غير موثوق – ممنوع استخدامه بدون موافقة Legal
Wsuipa,Wsuipa License,False,False,DANGEROUS,0,ترخيص غير معروف أو مخصص أو غير موثوق – ممنوع استخدامه بدون موافقة Legal
X11,X11 License,False,False,DANGEROUS,0,ترخيص غير معروف أو مخصص أو غير موثوق – ممنوع استخدامه بدون موافقة Legal
X11-distribute-modifications-variant,X11 License Distribution Modification Variant,False,False,DANGEROUS,0,ترخيص غير معروف أو مخصص أو غير موثوق – ممنوع استخدامه بدون موافقة Legal
X11-swapped,X11 swapped final paragraphs,False,False,DANGEROUS,0,ترخيص غير معروف أو مخصص أو غير موثوق – ممنوع استخدامه بدون موافقة Legal
XFree86-1.1,XFree86 License 1.1,False,False,DANGEROUS,0,ترخيص غير معروف أو مخصص أو غير موثوق – ممنوع استخدامه بدون موافقة Legal
XSkat,XSkat License,False,False,DANGEROUS,0,ترخيص غير معروف أو مخصص أو غير موثوق – ممنوع استخدامه بدون موافقة Legal
Xdebug-1.03,Xdebug License v 1.03,False,False,DANGEROUS,0,ترخيص غير معروف أو مخصص أو غير موثوق – ممنوع استخدامه بدون موافقة Legal
Xerox,Xerox License,False,False,DANGEROUS,0,ترخيص غير معروف أو مخصص أو غير موثوق – ممنوع استخدامه بدون موافقة Legal
Xfig,Xfig License,False,False,DANGEROUS,0,ترخيص غير معروف أو مخصص أو غير موثوق – ممنوع استخدامه بدون موافقة Legal
YPL-1.0,Yahoo! Public License v1.0,False,False,DANGEROUS,0,ترخيص غير معروف أو مخصص أو غير موثوق – ممنوع استخدامه بدون موافقة Legal
YPL-1.1,Yahoo! Public License v1.1,False,False,DANGEROUS,0,ترخيص غير معروف أو مخصص أو غير موثوق – ممنوع استخدامه بدون موافقة Legal
ZPL-1.1,Zope Public License 1.1,False,False,DANGEROUS,0,ترخيص غير معروف أو مخصص أو غير موثوق – ممنوع استخدامه بدون موافقة Legal
Zed,Zed License,False,False,DANGEROUS,0,ترخيص غير معروف أو مخصص أو غير موثوق – ممنوع استخدامه بدون موافقة Legal
Zeeff,Zeeff License,False,False,DANGEROUS,0,ترخيص غير معروف أو مخصص أو غير موثوق – ممنوع استخدامه بدون موافقة Legal
Zend-2.0,Zend License v2.0,False,False,DANGEROUS,0,ترخيص غير معروف أو مخصص أو غير موثوق – ممنوع استخدامه بدون موافقة Legal
Zimbra-1.3,Zimbra Public License v1.3,False,False,DANGEROUS,0,ترخيص غير معروف أو مخصص أو غير موثوق – ممنوع استخدامه بدون موافقة Legal
Zimbra-1.4,Zimbra Public License v1.4,False,False,DANGEROUS,0,ترخيص غير معروف أو مخصص أو غير موثوق – ممنوع استخدامه بدون موافقة Legal
any-OSI,Any OSI License,False,False,DANGEROUS,0,ترخيص غير معروف أو مخصص أو غير موثوق – ممنوع استخدامه بدون موافقة Legal
any-OSI-perl-modules,Any OSI License - Perl Modules,False,False,DANGEROUS,0,ترخيص غير معروف أو مخصص أو غير موثوق – ممنوع استخدامه بدون موافقة Legal
bcrypt-Solar-Designer,bcrypt Solar Designer License,False,False,DANGEROUS,0,ترخيص غير معروف أو مخصص أو غير موثوق – ممنوع استخدامه بدون موافقة Legal
blessing,SQLite Blessing,False,False,DANGEROUS,0,ترخيص غير معروف أو مخصص أو غير موثوق – ممنوع استخدامه بدون موافقة Legal
bzip2-1.0.5,bzip2 and libbzip2 License v1.0.5,False,True,DANGEROUS,0,ترخيص قديم ومُلغى رسميًا من SPDX – ممنوع استخدامه
bzip2-1.0.6,bzip2 and libbzip2 License v1.0.6,False,False,DANGEROUS,0,ترخيص غير معروف أو مخصص أو غير موثوق – ممنوع استخدامه بدون موافقة Legal
check-cvs,check-cvs License,False,False,DANGEROUS,0,ترخيص غير معروف أو مخصص أو غير موثوق – ممنوع استخدامه بدون موافقة Legal
checkmk,Checkmk License,False,False,DANGEROUS,0,ترخيص غير معروف أو مخصص أو غير موثوق – ممنوع استخدامه بدون موافقة Legal
copyleft-next-0.3.0,copyleft-next 0.3.0,False,False,DANGEROUS,0,ترخيص غير معروف أو مخصص أو غير موثوق – ممنوع استخدامه بدون موافقة Legal
copyleft-next-0.3.1,copyleft-next 0.3.1,False,False,DANGEROUS,0,ترخيص غير معروف أو مخصص أو غير موثوق – ممنوع استخدامه بدون موافقة Legal
curl,curl License,False,False,DANGEROUS,0,ترخيص غير معروف أو مخصص أو غير موثوق – ممنوع استخدامه بدون موافقة Legal
cve-tou,Common Vulnerability Enumeration ToU License,False,False,DANGEROUS,0,ترخيص غير معروف أو مخصص أو غير موثوق – ممنوع استخدامه بدون موافقة Legal
diffmark,diffmark license,False,False,DANGEROUS,0,ترخيص غير معروف أو مخصص أو غير موثوق – ممنوع استخدامه بدون موافقة Legal
dtoa,David M. Gay dtoa License,False,False,DANGEROUS,0,ترخيص غير معروف أو مخصص أو غير موثوق – ممنوع استخدامه بدون موافقة Legal
dvipdfm,dvipdfm License,False,False,DANGEROUS,0,ترخيص غير معروف أو مخصص أو غير موثوق – ممنوع استخدامه بدون موافقة Legal
eCos-2.0,eCos license version 2.0,False,True,DANGEROUS,0,ترخيص قديم ومُلغى رسميًا من SPDX – ممنوع استخدامه
eGenix,eGenix.com Public License 1.1.0,False,False,DANGEROUS,0,ترخيص غير معروف أو مخصص أو غير موثوق – ممنوع استخدامه بدون موافقة Legal
etalab-2.0,Etalab Open License 2.0,False,False,DANGEROUS,0,ترخيص غير معروف أو مخصص أو غير موثوق – ممنوع استخدامه بدون موافقة Legal
fwlw,fwlw License,False,False,DANGEROUS,0,ترخيص غير معروف أو مخصص أو غير موثوق – ممنوع استخدامه بدون موافقة Legal
gSOAP-1.3b,gSOAP Public License v1.3b,False,False,DANGEROUS,0,ترخيص غير معروف أو مخصص أو غير موثوق – ممنوع استخدامه بدون موافقة Legal
generic-xts,Generic XTS License,False,False,DANGEROUS,0,ترخيص غير معروف أو مخصص أو غير موثوق – ممنوع استخدامه بدون موافقة Legal
gtkbook,gtkbook License,False,False,DANGEROUS,0,ترخيص غير معروف أو مخصص أو غير موثوق – ممنوع استخدامه بدون موافقة Legal
hdparm,hdparm License,False,False,DANGEROUS,0,ترخيص غير معروف أو مخصص أو غير موثوق – ممنوع استخدامه بدون موافقة Legal
hyphen-bulgarian,hyphen-bulgarian License,False,False,DANGEROUS,0,ترخيص غير معروف أو مخصص أو غير موثوق – ممنوع استخدامه بدون موافقة Legal
iMatix,iMatix Standard Function Library Agreement,False,False,DANGEROUS,0,ترخيص غير معروف أو مخصص أو غير موثوق – ممنوع استخدامه بدون موافقة Legal
jove,Jove License,False,False,DANGEROUS,0,ترخيص غير معروف أو مخصص أو غير موثوق – ممنوع استخدامه بدون موافقة Legal
libpng-1.6.35,PNG Reference Library License v1 (for libpng 0.5 through 1.6.35),False,False,DANGEROUS,0,ترخيص غير معروف أو مخصص أو غير موثوق – ممنوع استخدامه بدون موافقة Legal
libpng-2.0,PNG Reference Library version 2,False,False,DANGEROUS,0,ترخيص غير معروف أو مخصص أو غير موثوق – ممنوع استخدامه بدون موافقة Legal
libselinux-1.0,libselinux public domain notice,False,False,DANGEROUS,0,ترخيص غير معروف أو مخصص أو غير موثوق – ممنوع استخدامه بدون موافقة Legal
libtiff,libtiff License,False,False,DANGEROUS,0,ترخيص غير معروف أو مخصص أو غير موثوق – ممنوع استخدامه بدون موافقة Legal
libutil-David-Nugent,libutil David Nugent License,False,False,DANGEROUS,0,ترخيص غير معروف أو مخصص أو غير موثوق – ممنوع استخدامه بدون موافقة Legal
lsof,lsof License,False,False,DANGEROUS,0,ترخيص غير معروف أو مخصص أو غير موثوق – ممنوع استخدامه بدون موافقة Legal
magaz,magaz License,False,False,DANGEROUS,0,ترخيص غير معروف أو مخصص أو غير موثوق – ممنوع استخدامه بدون موافقة Legal
mailprio,mailprio License,False,False,DANGEROUS,0,ترخيص غير معروف أو مخصص أو غير موثوق – ممنوع استخدامه بدون موافقة Legal
man2html,man2html License,False,False,DANGEROUS,0,ترخيص غير معروف أو مخصص أو غير موثوق – ممنوع استخدامه بدون موافقة Legal
metamail,metamail License,False,False,DANGEROUS,0,ترخيص غير معروف أو مخصص أو غير موثوق – ممنوع استخدامه بدون موافقة Legal
mpich2,mpich2 License,False,False,DANGEROUS,0,ترخيص غير معروف أو مخصص أو غير موثوق – ممنوع استخدامه بدون موافقة Legal
ngrep,ngrep License,False,False,DANGEROUS,0,ترخيص غير معروف أو مخصص أو غير موثوق – ممنوع استخدامه بدون موافقة Legal
pkgconf,pkgconf License,False,False,DANGEROUS,0,ترخيص غير معروف أو مخصص أو غير موثوق – ممنوع استخدامه بدون موافقة Legal
pnmstitch,pnmstitch License,False,False,DANGEROUS,0,ترخيص غير معروف أو مخصص أو غير موثوق – ممنوع استخدامه بدون موافقة Legal
psfrag,psfrag License,False,False,DANGEROUS,0,ترخيص غير معروف أو مخصص أو غير موثوق – ممنوع استخدامه بدون موافقة Legal
psutils,psutils License,False,False,DANGEROUS,0,ترخيص غير معروف أو مخصص أو غير موثوق – ممنوع استخدامه بدون موافقة Legal
python-ldap,Python ldap License,False,False,DANGEROUS,0,ترخيص غير معروف أو مخصص أو غير موثوق – ممنوع استخدامه بدون موافقة Legal
radvd,radvd License,False,False,DANGEROUS,0,ترخيص غير معروف أو مخصص أو غير موثوق – ممنوع استخدامه بدون موافقة Legal
snprintf,snprintf License,False,False,DANGEROUS,0,ترخيص غير معروف أو مخصص أو غير موثوق – ممنوع استخدامه بدون موافقة Legal
softSurfer,softSurfer License,False,False,DANGEROUS,0,ترخيص غير معروف أو مخصص أو غير موثوق – ممنوع استخدامه بدون موافقة Legal
ssh-keyscan,ssh-keyscan License,False,False,DANGEROUS,0,ترخيص غير معروف أو مخصص أو غير موثوق – ممنوع استخدامه بدون موافقة Legal
swrule,swrule License,False,False,DANGEROUS,0,ترخيص غير معروف أو مخصص أو غير موثوق – ممنوع استخدامه بدون موافقة Legal
threeparttable,threeparttable License,False,False,DANGEROUS,0,ترخيص غير معروف أو مخصص أو غير موثوق – ممنوع استخدامه بدون موافقة Legal
ulem,ulem License,False,False,DANGEROUS,0,ترخيص غير معروف أو مخصص أو غير موثوق – ممنوع استخدامه بدون موافقة Legal
w3m,w3m License,False,False,DANGEROUS,0,ترخيص غير معروف أو مخصص أو غير موثوق – ممنوع استخدامه بدون موافقة Legal
wwl,WWL License,False,False,DANGEROUS,0,ترخيص غير معروف أو مخصص أو غير موثوق – ممنوع استخدامه بدون موافقة Legal
wxWindows,wxWindows Library License,True,True,DANGEROUS,0,ترخيص قديم ومُلغى رسميًا من SPDX – ممنوع استخدامه
xinetd,xinetd License,False,False,DANGEROUS,0,ترخيص غير معروف أو مخصص أو غير موثوق – ممنوع استخدامه بدون موافقة Legal
xkeyboard-config-Zinoviev,xkeyboard-config Zinoviev License,False,False,DANGEROUS,0,ترخيص غير معروف أو مخصص أو غير موثوق – ممنوع استخدامه بدون موافقة Legal
xlock,xlock License,False,False,DANGEROUS,0,ترخيص غير معروف أو مخصص أو غير موثوق – ممنوع استخدامه بدون موافقة Legal
xpp,XPP License,False,False,DANGEROUS,0,ترخيص غير معروف أو مخصص أو غير موثوق – ممنوع استخدامه بدون موافقة Legal
xzoom,xzoom License,False,False,DANGEROUS,0,ترخيص غير معروف أو مخصص أو غير موثوق – ممنوع استخدامه بدون موافقة Legal
AAL,Attribution Assurance License,True,False,MODERATE,0,ترخيص معتمد من OSI لكن غير شائع – يحتاج مراجعة قانونية قبل الاستخدام
AFL-1.1,Academic Free License v1.1,True,False,MODERATE,0,ترخيص معتمد من OSI لكن غير شائع – يحتاج مراجعة قانونية قبل الاستخدام
AFL-1.2,Academic Free License v1.2,True,False,MODERATE,0,ترخيص معتمد من OSI لكن غير شائع – يحتاج مراجعة قانونية قبل الاستخدام
AFL-2.0,Academic Free License v2.0,True,False,MODERATE,0,ترخيص معتمد من OSI لكن غير شائع – يحتاج مراجعة قانونية قبل الاستخدام
AFL-2.1,Academic Free License v2.1,True,False,MODERATE,0,ترخيص معتمد من OSI لكن غير شائع – يحتاج مراجعة قانونية قبل الاستخدام
AFL-3.0,Academic Free License v3.0,True,False,MODERATE,0,ترخيص معتمد من OSI لكن غير شائع – يحتاج مراجعة قانونية قبل الاستخدام
APL-1.0,Adaptive Public License 1.0,True,False,MODERATE,0,ترخيص معتمد من OSI لكن غير شائع – يحتاج مراجعة قانونية قبل الاستخدام
APSL-1.0,Apple Public Source License 1.0,True,False,MODERATE,0,ترخيص معتمد من OSI لكن غير شائع – يحتاج مراجعة قانونية قبل الاستخدام
APSL-1.1,Apple Public Source License 1.1,True,False,MODERATE,0,ترخيص معتمد من OSI لكن غير شائع – يحتاج مراجعة قانونية قبل الاستخدام
APSL-1.2,Apple Public Source License 1.2,True,False,MODERATE,0,ترخيص معتمد من OSI لكن غير شائع – يحتاج مراجعة قانونية قبل الاستخدام
APSL-2.0,Apple Public Source License 2.0,True,False,MODERATE,0,ترخيص معتمد من OSI لكن غير شائع – يحتاج مراجعة قانونية قبل الاستخدام
Artistic-1.0,Artistic License 1.0,True,False,MODERATE,0,ترخيص معتمد من OSI لكن غير شائع – يحتاج مراجعة قانونية قبل الاستخدام
Artistic-1.0-Perl,Artistic License 1.0 (Perl),True,False,MODERATE,0,ترخيص معتمد من OSI لكن غير شائع – يحتاج مراجعة قانونية قبل الاستخدام
Artistic-1.0-cl8,Artistic License 1.0 w/clause 8,True,False,MODERATE,0,ترخيص معتمد من OSI لكن غير شائع – يحتاج مراجعة قانونية قبل الاستخدام
Artistic-2.0,Artistic License 2.0,True,False,MODERATE,0,ترخيص معتمد من OSI لكن غير شائع – يحتاج مراجعة قانونية قبل الاستخدام
BlueOak-1.0.0,Blue Oak Model License 1.0.0,True,False,MODERATE,0,ترخيص معتمد من OSI لكن غير شائع – يحتاج مراجعة قانونية قبل الاستخدام
CAL-1.0,Cryptographic Autonomy License 1.0,True,False,MODERATE,0,ترخيص معتمد من OSI لكن غير شائع – يحتاج مراجعة قانونية قبل الاستخدام
CAL-1.0-Combined-Work-Exception,Cryptographic Autonomy License 1.0 (Combined Work Exception),True,False,MODERATE,0,ترخيص معتمد من OSI لكن غير شائع – يحتاج مراجعة قانونية قبل الاستخدام
CATOSL-1.1,Computer Associates Trusted Open Source License 1.1,True,False,MODERATE,0,ترخيص معتمد من OSI لكن غير شائع – يحتاج مراجعة قانونية قبل الاستخدام
CDDL-1.0,Common Development and Distribution License 1.0,True,False,MODERATE,0,ترخيص ضعيف النسخ (Weak Copyleft) – مسموح بس يحتاج مراجعة ديناميكية/ستاتيك لينك
CDDL-1.1,Common Development and Distribution License 1.1,False,False,MODERATE,0,ترخيص ضعيف النسخ (Weak Copyleft) – مسموح بس يحتاج مراجعة ديناميكية/ستاتيك لينك
CECILL-2.1,CeCILL Free Software License Agreement v2.1,True,False,MODERATE,0,ترخيص معتمد من OSI لكن غير شائع – يحتاج مراجعة قانونية قبل الاستخدام
CERN-OHL-S-2.0,CERN Open Hardware Licence Version 2 - Strongly Reciprocal,True,False,MODERATE,0,ترخيص معتمد من OSI لكن غير شائع – يحتاج مراجعة قانونية قبل الاستخدام
CERN-OHL-W-2.0,CERN Open Hardware Licence Version 2 - Weakly Reciprocal,True,False,MODERATE,0,ترخيص معتمد من OSI لكن غير شائع – يحتاج مراجعة قانونية قبل الاستخدام
CNRI-Python,CNRI Python License,True,False,MODERATE,0,ترخيص معتمد من OSI لكن غير شائع – يحتاج مراجعة قانونية قبل الاستخدام
CPAL-1.0,Common Public Attribution License 1.0,True,False,MODERATE,0,ترخيص معتمد من OSI لكن غير شائع – يحتاج مراجعة قانونية قبل الاستخدام
CPL-1.0,Common Public License 1.0,True,False,MODERATE,0,ترخيص ضعيف النسخ (Weak Copyleft) – مسموح بس يحتاج مراجعة ديناميكية/ستاتيك لينك
CUA-OPL-1.0,CUA Office Public License v1.0,True,False,MODERATE,0,ترخيص معتمد من OSI لكن غير شائع – يحتاج مراجعة قانونية قبل الاستخدام
ECL-1.0,Educational Community License v1.0,True,False,MODERATE,0,ترخيص معتمد من OSI لكن غير شائع – يحتاج مراجعة قانونية قبل الاستخدام
ECL-2.0,Educational Community License v2.0,True,False,MODERATE,0,ترخيص معتمد من OSI لكن غير شائع – يحتاج مراجعة قانونية قبل الاستخدام
EFL-1.0,Eiffel Forum License v1.0,True,False,MODERATE,0,ترخيص معتمد من OSI لكن غير شائع – يحتاج مراجعة قانونية قبل الاستخدام
EFL-2.0,Eiffel Forum License v2.0,True,False,MODERATE,0,ترخيص معتمد من OSI لكن غير شائع – يحتاج مراجعة قانونية قبل الاستخدام
EPL-1.0,Eclipse Public License 1.0,True,False,MODERATE,0,ترخيص ضعيف النسخ (Weak Copyleft) – مسموح بس يحتاج مراجعة ديناميكية/ستاتيك لينك
EPL-2.0,Eclipse Public License 2.0,True,False,MODERATE,0,ترخيص ضعيف النسخ (Weak Copyleft) – مسموح بس يحتاج مراجعة ديناميكية/ستاتيك لينك
EUDatagrid,EU DataGrid Software License,True,False,MODERATE,0,ترخيص معتمد من OSI لكن غير شائع – يحتاج مراجعة قانونية قبل الاستخدام
Entessa,Entessa Public License v1.0,True,False,MODERATE,0,ترخيص معتمد من OSI لكن غير شائع – يحتاج مراجعة قانونية قبل الاستخدام
Fair,Fair License,True,False,MODERATE,0,ترخيص معتمد من OSI لكن غير شائع – يحتاج مراجعة قانونية قبل الاستخدام
Frameworx-1.0,Frameworx Open License 1.0,True,False,MODERATE,0,ترخيص معتمد من OSI لكن غير شائع – يحتاج مراجعة قانونية قبل الاستخدام
ICU,ICU License,True,False,MODERATE,0,ترخيص معتمد من OSI لكن غير شائع – يحتاج مراجعة قانونية قبل الاستخدام
IPA,IPA Font License,True,False,MODERATE,0,ترخيص معتمد من OSI لكن غير شائع – يحتاج مراجعة قانونية قبل الاستخدام
IPL-1.0,IBM Public License v1.0,True,False,MODERATE,0,ترخيص معتمد من OSI لكن غير شائع – يحتاج مراجعة قانونية قبل الاستخدام
Intel,Intel Open Source License,True,False,MODERATE,0,ترخيص معتمد من OSI لكن غير شائع – يحتاج مراجعة قانونية قبل الاستخدام
Jam,Jam License,True,False,MODERATE,0,ترخيص معتمد من OSI لكن غير شائع – يحتاج مراجعة قانونية قبل الاستخدام
LGPL-2.0-only,GNU Library General Public License v2 only,True,False,MODERATE,0,ترخيص ضعيف النسخ (Weak Copyleft) – مسموح بس يحتاج مراجعة ديناميكية/ستاتيك لينك
LGPL-2.0-or-later,GNU Library General Public License v2 or later,True,False,MODERATE,0,ترخيص ضعيف النسخ (Weak Copyleft) – مسموح بس يحتاج مراجعة ديناميكية/ستاتيك لينك
LGPL-2.1-only,GNU Lesser General Public License v2.1 only,True,False,MODERATE,0,ترخيص ضعيف النسخ (Weak Copyleft) – مسموح بس يحتاج مراجعة ديناميكية/ستاتيك لينك
LGPL-2.1-or-later,GNU Lesser General Public License v2.1 or later,True,False,MODERATE,0,ترخيص ضعيف النسخ (Weak Copyleft) – مسموح بس يحتاج مراجعة ديناميكية/ستاتيك لينك
LGPL-3.0-only,GNU Lesser General Public License v3.0 only,True,False,MODERATE,0,ترخيص ضعيف النسخ (Weak Copyleft) – مسموح بس يحتاج مراجعة ديناميكية/ستاتيك لينك
LGPL-3.0-or-later,GNU Lesser General Public License v3.0 or later,True,False,MODERATE,0,ترخيص ضعيف النسخ (Weak Copyleft) – مسموح بس يحتاج مراجعة ديناميكية/ستاتيك لينك
LGPLLR,Lesser General Public License For Linguistic Resources,False,False,MODERATE,0,ترخيص ضعيف النسخ (Weak Copyleft) – مسموح بس يحتاج مراجعة ديناميكية/ستاتيك لينك
LPL-1.0,Lucent Public License Version 1.0,True,False,MODERATE,0,ترخيص معتمد من OSI لكن غير شائع – يحتاج مراجعة قانونية قبل الاستخدام
LPL-1.02,Lucent Public License v1.02,True,False,MODERATE,0,ترخيص معتمد من OSI لكن غير شائع – يحتاج مراجعة قانونية قبل الاستخدام
LPPL-1.3c,LaTeX Project Public License v1.3c,True,False,MODERATE,0,ترخيص معتمد من OSI لكن غير شائع – يحتاج مراجعة قانونية قبل الاستخدام
LiLiQ-R-1.1,Licence Libre du Québec – Réciprocité version 1.1,True,False,MODERATE,0,ترخيص معتمد من OSI لكن غير شائع – يحتاج مراجعة قانونية قبل الاستخدام
LiLiQ-Rplus-1.1,Licence Libre du Québec – Réciprocité forte version 1.1,True,False,MODERATE,0,ترخيص معتمد من OSI لكن غير شائع – يحتاج مراجعة قانونية قبل الاستخدام
MPL-1.0,Mozilla Public License 1.0,True,False,MODERATE,0,ترخيص ضعيف النسخ (Weak Copyleft) – مسموح بس يحتاج مراجعة ديناميكية/ستاتيك لينك
MPL-1.1,Mozilla Public License 1.1,True,False,MODERATE,0,ترخيص ضعيف النسخ (Weak Copyleft) – مسموح بس يحتاج مراجعة ديناميكية/ستاتيك لينك
MPL-2.0,Mozilla Public License 2.0,True,False,MODERATE,0,ترخيص ضعيف النسخ (Weak Copyleft) – مسموح بس يحتاج مراجعة ديناميكية/ستاتيك لينك
MPL-2.0-no-copyleft-exception,Mozilla Public License 2.0 (no copyleft exception),True,False,MODERATE,0,ترخيص ضعيف النسخ (Weak Copyleft) – مسموح بس يحتاج مراجعة ديناميكية/ستاتيك لينك
MS-PL,Microsoft Public License,True,False,MODERATE,0,ترخيص معتمد من OSI لكن غير شائع – يحتاج مراجعة قانونية قبل الاستخدام
MS-RL,Microsoft Reciprocal License,True,False,MODERATE,0,ترخيص معتمد من OSI لكن غير شائع – يحتاج مراجعة قانونية قبل الاستخدام
MirOS,The MirOS Licence,True,False,MODERATE,0,ترخيص معتمد من OSI لكن غير شائع – يحتاج مراجعة قانونية قبل الاستخدام
Motosoto,Motosoto License,True,False,MODERATE,0,ترخيص معتمد من OSI لكن غير شائع – يحتاج مراجعة قانونية قبل الاستخدام
Multics,Multics License,True,False,MODERATE,0,ترخيص معتمد من OSI لكن غير شائع – يحتاج مراجعة قانونية قبل الاستخدام
NASA-1.3,NASA Open Source Agreement 1.3,True,False,MODERATE,0,ترخيص معتمد من OSI لكن غير شائع – يحتاج مراجعة قانونية قبل الاستخدام
NCSA,University of Illinois/NCSA Open Source License,True,False,MODERATE,0,ترخيص معتمد من OSI لكن غير شائع – يحتاج مراجعة قانونية قبل الاستخدام
NPOSL-3.0,Non-Profit Open Software License 3.0,True,False,MODERATE,0,ترخيص معتمد من OSI لكن غير شائع – يحتاج مراجعة قانونية قبل الاستخدام
NTP,NTP License,True,False,MODERATE,0,ترخيص معتمد من OSI لكن غير شائع – يحتاج مراجعة قانونية قبل الاستخدام
Naumen,Naumen Public License,True,False,MODERATE,0,ترخيص معتمد من OSI لكن غير شائع – يحتاج مراجعة قانونية قبل الاستخدام
Nokia,Nokia Open Source License,True,False,MODERATE,0,ترخيص معتمد من OSI لكن غير شائع – يحتاج مراجعة قانونية قبل الاستخدام
OCLC-2.0,OCLC Research Public License 2.0,True,False,MODERATE,0,ترخيص معتمد من OSI لكن غير شائع – يحتاج مراجعة قانونية قبل الاستخدام
OGTSL,Open Group Test Suite License,True,False,MODERATE,0,ترخيص معتمد من OSI لكن غير شائع – يحتاج مراجعة قانونية قبل الاستخدام
OLDAP-2.8,Open LDAP Public License v2.8,True,False,MODERATE,0,ترخيص معتمد من OSI لكن غير شائع – يحتاج مراجعة قانونية قبل الاستخدام
OLFL-1.3,Open Logistics Foundation License Version 1.3,True,False,MODERATE,0,ترخيص معتمد من OSI لكن غير شائع – يحتاج مراجعة قانونية قبل الاستخدام
OSET-PL-2.1,OSET Public License version 2.1,True,False,MODERATE,0,ترخيص معتمد من OSI لكن غير شائع – يحتاج مراجعة قانونية قبل الاستخدام
OSL-1.0,Open Software License 1.0,True,False,MODERATE,0,ترخيص معتمد من OSI لكن غير شائع – يحتاج مراجعة قانونية قبل الاستخدام
OSL-2.0,Open Software License 2.0,True,False,MODERATE,0,ترخيص معتمد من OSI لكن غير شائع – يحتاج مراجعة قانونية قبل الاستخدام
OSL-2.1,Open Software License 2.1,True,False,MODERATE,0,ترخيص معتمد من OSI لكن غير شائع – يحتاج مراجعة قانونية قبل الاستخدام
OSL-3.0,Open Software License 3.0,True,False,MODERATE,0,ترخيص معتمد من OSI لكن غير شائع – يحتاج مراجعة قانونية قبل الاستخدام
PHP-3.0,PHP License v3.0,True,False,MODERATE,0,ترخيص معتمد من OSI لكن غير شائع – يحتاج مراجعة قانونية قبل الاستخدام
PHP-3.01,PHP License v3.01,True,False,MODERATE,0,ترخيص معتمد من OSI لكن غير شائع – يحتاج مراجعة قانونية قبل الاستخدام
Python-2.0,Python License 2.0,True,False,MODERATE,0,ترخيص معتمد من OSI لكن غير شائع – يحتاج مراجعة قانونية قبل الاستخدام
QPL-1.0,Q Public License 1.0,True,False,MODERATE,0,ترخيص معتمد من OSI لكن غير شائع – يحتاج مراجعة قانونية قبل الاستخدام
RPL-1.1,Reciprocal Public License 1.1,True,False,MODERATE,0,ترخيص معتمد من OSI لكن غير شائع – يحتاج مراجعة قانونية قبل الاستخدام
RPL-1.5,Reciprocal Public License 1.5,True,False,MODERATE,0,ترخيص معتمد من OSI لكن غير شائع – يحتاج مراجعة قانونية قبل الاستخدام
RPSL-1.0,RealNetworks Public Source License v1.0,True,False,MODERATE,0,ترخيص معتمد من OSI لكن غير شائع – يحتاج مراجعة قانونية قبل الاستخدام
RSCPL,Ricoh Source Code Public License,True,False,MODERATE,0,ترخيص ضعيف النسخ (Weak Copyleft) – مسموح بس يحتاج مراجعة ديناميكية/ستاتيك لينك
SISSL,Sun Industry Standards Source License v1.1,True,False,MODERATE,0,ترخيص معتمد من OSI لكن غير شائع – يحتاج مراجعة قانونية قبل الاستخدام
SPL-1.0,Sun Public License v1.0,True,False,MODERATE,0,ترخيص معتمد من OSI لكن غير شائع – يحتاج مراجعة قانونية قبل الاستخدام
SimPL-2.0,Simple Public License 2.0,True,False,MODERATE,0,ترخيص ضعيف النسخ (Weak Copyleft) – مسموح بس يحتاج مراجعة ديناميكية/ستاتيك لينك
Sleepycat,Sleepycat License,True,False,MODERATE,0,ترخيص معتمد من OSI لكن غير شائع – يحتاج مراجعة قانونية قبل الاستخدام
UCL-1.0,Upstream Compatibility License v1.0,True,False,MODERATE,0,ترخيص معتمد من OSI لكن غير شائع – يحتاج مراجعة قانونية قبل الاستخدام
Unicode-3.0,Unicode License v3,True,False,MODERATE,0,ترخيص معتمد من OSI لكن غير شائع – يحتاج مراجعة قانونية قبل الاستخدام
Unicode-DFS-2016,Unicode License Agreement - Data Files and Software (2016),True,False,MODERATE,0,ترخيص معتمد من OSI لكن غير شائع – يحتاج مراجعة قانونية قبل الاستخدام
VSL-1.0,Vovida Software License v1.0,True,False,MODERATE,0,ترخيص معتمد من OSI لكن غير شائع – يحتاج مراجعة قانونية قبل الاستخدام
W3C,W3C Software Notice and License (2002-12-31),True,False,MODERATE,0,ترخيص معتمد من OSI لكن غير شائع – يحتاج مراجعة قانونية قبل الاستخدام
W3C-20150513,W3C Software Notice and Document License (2015-05-13),True,False,MODERATE,0,ترخيص معتمد من OSI لكن غير شائع – يحتاج مراجعة قانونية قبل الاستخدام
Watcom-1.0,Sybase Open Watcom Public License 1.0,True,False,MODERATE,0,ترخيص معتمد من OSI لكن غير شائع – يحتاج مراجعة قانونية قبل الاستخدام
WordNet,WordNet License,True,False,MODERATE,0,ترخيص معتمد من OSI لكن غير شائع – يحتاج مراجعة قانونية قبل الاستخدام
Xnet,X.Net License,True,False,MODERATE,0,ترخيص معتمد من OSI لكن غير شائع – يحتاج مراجعة قانونية قبل الاستخدام
ZPL-2.0,Zope Public License 2.0,True,False,MODERATE,0,ترخيص معتمد من OSI لكن غير شائع – يحتاج مراجعة قانونية قبل الاستخدام
ZPL-2.1,Zope Public License 2.1,True,False,MODERATE,0,ترخيص معتمد من OSI لكن غير شائع – يحتاج مراجعة قانونية قبل الاستخدام
mplus,mplus Font License,False,False,MODERATE,0,ترخيص ضعيف النسخ (Weak Copyleft) – مسموح بس يحتاج مراجعة ديناميكية/ستاتيك لينك
AGPL-1.0-only,Affero General Public License v1.0 only,False,False,RESTRICTED,0,ترخيص نسخ قوي (Strong Copyleft) – يُلزمك بفتح كود مشروعك كاملاً لو وزّعته
AGPL-1.0-or-later,Affero General Public License v1.0 or later,False,False,RESTRICTED,0,ترخيص نسخ قوي (Strong Copyleft) – يُلزمك بفتح كود مشروعك كاملاً لو وزّعته
AGPL-3.0-only,GNU Affero General Public License v3.0 only,True,False,RESTRICTED,0,ترخيص نسخ قوي (Strong Copyleft) – يُلزمك بفتح كود مشروعك كاملاً لو وزّعته
AGPL-3.0-or-later,GNU Affero General Public License v3.0 or later,True,False,RESTRICTED,0,ترخيص نسخ قوي (Strong Copyleft) – يُلزمك بفتح كود مشروعك كاملاً لو وزّعته
CNRI-Python-GPL-Compatible,CNRI Python Open Source GPL Compatible License Agreement,False,False,RESTRICTED,0,ترخيص نسخ قوي (Strong Copyleft) – يُلزمك بفتح كود مشروعك كاملاً لو وزّعته
GPL-1.0-only,GNU General Public License v1.0 only,False,False,RESTRICTED,0,ترخيص نسخ قوي (Strong Copyleft) – يُلزمك بفتح كود مشروعك كاملاً لو وزّعته
GPL-1.0-or-later,GNU General Public License v1.0 or later,False,False,RESTRICTED,0,ترخيص نسخ قوي (Strong Copyleft) – يُلزمك بفتح كود مشروعك كاملاً لو وزّعته
GPL-2.0-only,GNU General Public License v2.0 only,True,False,RESTRICTED,0,ترخيص نسخ قوي (Strong Copyleft) – يُلزمك بفتح كود مشروعك كاملاً لو وزّعته
GPL-2.0-or-later,GNU General Public License v2.0 or later,True,False,RESTRICTED,0,ترخيص نسخ قوي (Strong Copyleft) – يُلزمك بفتح كود مشروعك كاملاً لو وزّعته
GPL-3.0-only,GNU General Public License v3.0 only,True,False,RESTRICTED,0,ترخيص نسخ قوي (Strong Copyleft) – يُلزمك بفتح كود مشروعك كاملاً لو وزّعته
GPL-3.0-or-later,GNU General Public License v3.0 or later,True,False,RESTRICTED,0,ترخيص نسخ قوي (Strong Copyleft) – يُلزمك بفتح كود مشروعك كاملاً لو وزّعته
NGPL,Nethack General Public License,True,False,RESTRICTED,0,ترخيص نسخ قوي (Strong Copyleft) – يُلزمك بفتح كود مشروعك كاملاً لو وزّعته
SMAIL-GPL,SMAIL General Public License,False,False,RESTRICTED,0,ترخيص نسخ قوي (Strong Copyleft) – يُلزمك بفتح كود مشروعك كاملاً لو وزّعته
0BSD,BSD Zero Clause License,True,False,SAFE,1,ترخيص مفتوح تمامًا (Permissive) – آمن 100% في المشاريع التجارية والمغلقة
AML,Apple MIT License,False,False,SAFE,1,ترخيص مفتوح تمامًا (Permissive) – آمن 100% في المشاريع التجارية والمغلقة
AMPAS,Academy of Motion Picture Arts and Sciences BSD,False,False,SAFE,1,ترخيص مفتوح تمامًا (Permissive) – آمن 100% في المشاريع التجارية والمغلقة
Apache-1.0,Apache License 1.0,False,False,SAFE,1,ترخيص مفتوح تمامًا (Permissive) – آمن 100% في المشاريع التجارية والمغلقة
Apache-1.1,Apache License 1.1,True,False,SAFE,1,ترخيص مفتوح تمامًا (Permissive) – آمن 100% في المشاريع التجارية والمغلقة
Apache-2.0,Apache License 2.0,True,False,SAFE,1,ترخيص مفتوح تمامًا (Permissive) – آمن 100% في المشاريع التجارية والمغلقة
BSD-1-Clause,BSD 1-Clause License,True,False,SAFE,1,ترخيص مفتوح تمامًا (Permissive) – آمن 100% في المشاريع التجارية والمغلقة
BSD-2-Clause,"BSD 2-Clause ""Simplified"" License",True,False,SAFE,1,ترخيص مفتوح تمامًا (Permissive) – آمن 100% في المشاريع التجارية والمغلقة
BSD-2-Clause-Darwin,BSD 2-Clause - Ian Darwin variant,False,False,SAFE,1,ترخيص مفتوح تمامًا (Permissive) – آمن 100% في المشاريع التجارية والمغلقة
BSD-2-Clause-Patent,BSD-2-Clause Plus Patent License,True,False,SAFE,1,ترخيص مفتوح تمامًا (Permissive) – آمن 100% في المشاريع التجارية والمغلقة
BSD-2-Clause-Views,BSD 2-Clause with views sentence,False,False,SAFE,1,ترخيص مفتوح تمامًا (Permissive) – آمن 100% في المشاريع التجارية والمغلقة
BSD-2-Clause-first-lines,BSD 2-Clause - first lines requirement,False,False,SAFE,1,ترخيص مفتوح تمامًا (Permissive) – آمن 100% في المشاريع التجارية والمغلقة
BSD-2-Clause-pkgconf-disclaimer,BSD 2-Clause pkgconf disclaimer variant,False,False,SAFE,1,ترخيص مفتوح تمامًا (Permissive) – آمن 100% في المشاريع التجارية والمغلقة
BSD-3-Clause,"BSD 3-Clause ""New"" or ""Revised"" License",True,False,SAFE,1,ترخيص مفتوح تمامًا (Permissive) – آمن 100% في المشاريع التجارية والمغلقة
BSD-3-Clause-Attribution,BSD with attribution,False,False,SAFE,1,ترخيص مفتوح تمامًا (Permissive) – آمن 100% في المشاريع التجارية والمغلقة
BSD-3-Clause-Clear,BSD 3-Clause Clear License,False,False,SAFE,1,ترخيص مفتوح تمامًا (Permissive) – آمن 100% في المشاريع التجارية والمغلقة
BSD-3-Clause-HP,Hewlett-Packard BSD variant license,False,False,SAFE,1,ترخيص مفتوح تمامًا (Permissive) – آمن 100% في المشاريع التجارية والمغلقة
BSD-3-Clause-LBNL,Lawrence Berkeley National Labs BSD variant license,True,False,SAFE,1,ترخيص مفتوح تمامًا (Permissive) – آمن 100% في المشاريع التجارية والمغلقة
BSD-3-Clause-Modification,BSD 3-Clause Modification,False,False,SAFE,1,ترخيص مفتوح تمامًا (Permissive) – آمن 100% في المشاريع التجارية والمغلقة
BSD-3-Clause-No-Military-License,BSD 3-Clause No Military License,False,False,SAFE,1,ترخيص مفتوح تمامًا (Permissive) – آمن 100% في المشاريع التجارية والمغلقة
BSD-3-Clause-No-Nuclear-License,BSD 3-Clause No Nuclear License,False,False,SAFE,1,ترخيص مفتوح تمامًا (Permissive) – آمن 100% في المشاريع التجارية والمغلقة
BSD-3-Clause-No-Nuclear-License-2014,BSD 3-Clause No Nuclear License 2014,False,False,SAFE,1,ترخيص مفتوح تمامًا (Permissive) – آمن 100% في المشاريع التجارية والمغلقة
BSD-3-Clause-No-Nuclear-Warranty,BSD 3-Clause No Nuclear Warranty,False,False,SAFE,1,ترخيص مفتوح تمامًا (Permissive) – آمن 100% في المشاريع التجارية والمغلقة
BSD-3-Clause-Open-MPI,BSD 3-Clause Open MPI variant,True,False,SAFE,1,ترخيص مفتوح تمامًا (Permissive) – آمن 100% في المشاريع التجارية والمغلقة
BSD-3-Clause-Sun,BSD 3-Clause Sun Microsystems,False,False,SAFE,1,ترخيص مفتوح تمامًا (Permissive) – آمن 100% في المشاريع التجارية والمغلقة
BSD-3-Clause-Tso,BSD 3-Clause Tso variant,False,False,SAFE,1,ترخيص مفتوح تمامًا (Permissive) – آمن 100% في المشاريع التجارية والمغلقة
BSD-3-Clause-acpica,BSD 3-Clause acpica variant,False,False,SAFE,1,ترخيص مفتوح تمامًا (Permissive) – آمن 100% في المشاريع التجارية والمغلقة
BSD-3-Clause-flex,BSD 3-Clause Flex variant,False,False,SAFE,1,ترخيص مفتوح تمامًا (Permissive) – آمن 100% في المشاريع التجارية والمغلقة
BSD-4-Clause,"BSD 4-Clause ""Original"" or ""Old"" License",False,False,SAFE,1,ترخيص مفتوح تمامًا (Permissive) – آمن 100% في المشاريع التجارية والمغلقة
BSD-4-Clause-Shortened,BSD 4 Clause Shortened,False,False,SAFE,1,ترخيص مفتوح تمامًا (Permissive) – آمن 100% في المشاريع التجارية والمغلقة
BSD-4-Clause-UC,BSD-4-Clause (University of California-Specific),False,False,SAFE,1,ترخيص مفتوح تمامًا (Permissive) – آمن 100% في المشاريع التجارية والمغلقة
BSD-4.3RENO,BSD 4.3 RENO License,False,False,SAFE,1,ترخيص مفتوح تمامًا (Permissive) – آمن 100% في المشاريع التجارية والمغلقة
BSD-4.3TAHOE,BSD 4.3 TAHOE License,False,False,SAFE,1,ترخيص مفتوح تمامًا (Permissive) – آمن 100% في المشاريع التجارية والمغلقة
BSD-Advertising-Acknowledgement,BSD Advertising Acknowledgement License,False,False,SAFE,1,ترخيص مفتوح تمامًا (Permissive) – آمن 100% في المشاريع التجارية والمغلقة
BSD-Attribution-HPND-disclaimer,BSD with Attribution and HPND disclaimer,False,False,SAFE,1,ترخيص مفتوح تمامًا (Permissive) – آمن 100% في المشاريع التجارية والمغلقة
BSD-Inferno-Nettverk,BSD-Inferno-Nettverk,False,False,SAFE,1,ترخيص مفتوح تمامًا (Permissive) – آمن 100% في المشاريع التجارية والمغلقة
BSD-Mark-Modifications,BSD Mark Modifications License,False,False,SAFE,1,ترخيص مفتوح تمامًا (Permissive) – آمن 100% في المشاريع التجارية والمغلقة
BSD-Protection,BSD Protection License,False,False,SAFE,1,ترخيص مفتوح تمامًا (Permissive) – آمن 100% في المشاريع التجارية والمغلقة
BSD-Source-Code,BSD Source Code Attribution,False,False,SAFE,1,ترخيص مفتوح تمامًا (Permissive) – آمن 100% في المشاريع التجارية والمغلقة
BSD-Source-beginning-file,BSD Source Code Attribution - beginning of file variant,False,False,SAFE,1,ترخيص مفتوح تمامًا (Permissive) – آمن 100% في المشاريع التجارية والمغلقة
BSD-Systemics,Systemics BSD variant license,False,False,SAFE,1,ترخيص مفتوح تمامًا (Permissive) – آمن 100% في المشاريع التجارية والمغلقة
BSD-Systemics-W3Works,Systemics W3Works BSD variant license,False,False,SAFE,1,ترخيص مفتوح تمامًا (Permissive) – آمن 100% في المشاريع التجارية والمغلقة
BSL-1.0,Boost Software License 1.0,True,False,SAFE,1,ترخيص مفتوح تمامًا (Permissive) – آمن 100% في المشاريع التجارية والمغلقة
CC0-1.0,Creative Commons Zero v1.0 Universal,False,False,SAFE,1,ترخيص مفتوح تمامًا (Permissive) – آمن 100% في المشاريع التجارية والمغلقة
CDLA-Permissive-1.0,Community Data License Agreement Permissive 1.0,False,False,SAFE,1,ترخيص مفتوح تمامًا (Permissive) – آمن 100% في المشاريع التجارية والمغلقة
CDLA-Permissive-2.0,Community Data License Agreement Permissive 2.0,False,False,SAFE,1,ترخيص مفتوح تمامًا (Permissive) – آمن 100% في المشاريع التجارية والمغلقة
CERN-OHL-P-2.0,CERN Open Hardware Licence Version 2 - Permissive,True,False,SAFE,1,ترخيص مفتوح تمامًا (Permissive) – آمن 100% في المشاريع التجارية والمغلقة
ESA-PL-permissive-2.4,European Space Agency Public License – v2.4 – Permissive (Type 3),False,False,SAFE,1,ترخيص مفتوح تمامًا (Permissive) – آمن 100% في المشاريع التجارية والمغلقة
EUPL-1.0,European Union Public License 1.0,False,False,SAFE,1,ترخيص مفتوح تمامًا (Permissive) – آمن 100% في المشاريع التجارية والمغلقة
EUPL-1.1,European Union Public License 1.1,True,False,SAFE,1,ترخيص مفتوح تمامًا (Permissive) – آمن 100% في المشاريع التجارية والمغلقة
EUPL-1.2,European Union Public License 1.2,True,False,SAFE,1,ترخيص مفتوح تمامًا (Permissive) – آمن 100% في المشاريع التجارية والمغلقة
FSFAP,FSF All Permissive License,False,False,SAFE,1,ترخيص مفتوح تمامًا (Permissive) – آمن 100% في المشاريع التجارية والمغلقة
FSFAP-no-warranty-disclaimer,FSF All Permissive License (without Warranty),False,False,SAFE,1,ترخيص مفتوح تمامًا (Permissive) – آمن 100% في المشاريع التجارية والمغلقة
FSFUL,FSF Unlimited License,False,False,SAFE,1,ترخيص مفتوح تمامًا (Permissive) – آمن 100% في المشاريع التجارية والمغلقة
FSFULLR,FSF Unlimited License (with License Retention),False,False,SAFE,1,ترخيص مفتوح تمامًا (Permissive) – آمن 100% في المشاريع التجارية والمغلقة
FSFULLRSD,FSF Unlimited License (with License Retention and Short Disclaimer),False,False,SAFE,1,ترخيص مفتوح تمامًا (Permissive) – آمن 100% في المشاريع التجارية والمغلقة
FSFULLRWD,FSF Unlimited License (With License Retention and Warranty Disclaimer),False,False,SAFE,1,ترخيص مفتوح تمامًا (Permissive) – آمن 100% في المشاريع التجارية والمغلقة
FSL-1.1-MIT,"Functional Source License, Version 1.1, MIT Future License",False,False,SAFE,1,ترخيص مفتوح تمامًا (Permissive) – آمن 100% في المشاريع التجارية والمغلقة
FreeBSD-DOC,FreeBSD Documentation License,False,False,SAFE,1,ترخيص مفتوح تمامًا (Permissive) – آمن 100% في المشاريع التجارية والمغلقة
HPND,Historical Permission Notice and Disclaimer,True,False,SAFE,1,ترخيص مفتوح تمامًا (Permissive) – آمن 100% في المشاريع التجارية والمغلقة
HPND-DEC,Historical Permission Notice and Disclaimer - DEC variant,False,False,SAFE,1,ترخيص مفتوح تمامًا (Permissive) – آمن 100% في المشاريع التجارية والمغلقة
HPND-Fenneberg-Livingston,Historical Permission Notice and Disclaimer - Fenneberg-Livingston variant,False,False,SAFE,1,ترخيص مفتوح تمامًا (Permissive) – آمن 100% في المشاريع التجارية والمغلقة
HPND-INRIA-IMAG,Historical Permission Notice and Disclaimer    - INRIA-IMAG variant,False,False,SAFE,1,ترخيص مفتوح تمامًا (Permissive) – آمن 100% في المشاريع التجارية والمغلقة
HPND-Intel,Historical Permission Notice and Disclaimer - Intel variant,False,False,SAFE,1,ترخيص مفتوح تمامًا (Permissive) – آمن 100% في المشاريع التجارية والمغلقة
HPND-Kevlin-Henney,Historical Permission Notice and Disclaimer - Kevlin Henney variant,False,False,SAFE,1,ترخيص مفتوح تمامًا (Permissive) – آمن 100% في المشاريع التجارية والمغلقة
HPND-MIT-disclaimer,Historical Permission Notice and Disclaimer with MIT disclaimer,False,False,SAFE,1,ترخيص مفتوح تمامًا (Permissive) – آمن 100% في المشاريع التجارية والمغلقة
HPND-Markus-Kuhn,Historical Permission Notice and Disclaimer - Markus Kuhn variant,False,False,SAFE,1,ترخيص مفتوح تمامًا (Permissive) – آمن 100% في المشاريع التجارية والمغلقة
HPND-Netrek,Historical Permission Notice and Disclaimer - Netrek variant,False,False,SAFE,1,ترخيص مفتوح تمامًا (Permissive) – آمن 100% في المشاريع التجارية والمغلقة
HPND-Pbmplus,Historical Permission Notice and Disclaimer - Pbmplus variant,False,False,SAFE,1,ترخيص مفتوح تمامًا (Permissive) – آمن 100% في المشاريع التجارية والمغلقة
HPND-SMC,Historical Permission Notice and Disclaimer - SMC variant,False,False,SAFE,1,ترخيص مفتوح تمامًا (Permissive) – آمن 100% في المشاريع التجارية والمغلقة
HPND-UC,Historical Permission Notice and Disclaimer - University of California variant,False,False,SAFE,1,ترخيص مفتوح تمامًا (Permissive) – آمن 100% في المشاريع التجارية والمغلقة
HPND-UC-export-US,"Historical Permission Notice and Disclaimer - University of California, US export warning",False,False,SAFE,1,ترخيص مفتوح تمامًا (Permissive) – آمن 100% في المشاريع التجارية والمغلقة
HPND-doc,Historical Permission Notice and Disclaimer - documentation variant,False,False,SAFE,1,ترخيص مفتوح تمامًا (Permissive) – آمن 100% في المشاريع التجارية والمغلقة
HPND-doc-sell,Historical Permission Notice and Disclaimer - documentation sell variant,False,False,SAFE,1,ترخيص مفتوح تمامًا (Permissive) – آمن 100% في المشاريع التجارية والمغلقة
HPND-export2-US,HPND with US Government export control and 2 disclaimers,False,False,SAFE,1,ترخيص مفتوح تمامًا (Permissive) – آمن 100% في المشاريع التجارية والمغلقة
HPND-merchantability-variant,Historical Permission Notice and Disclaimer - merchantability variant,False,False,SAFE,1,ترخيص مفتوح تمامًا (Permissive) – آمن 100% في المشاريع التجارية والمغلقة
HPND-sell-MIT-disclaimer-xserver,Historical Permission Notice and Disclaimer - sell xserver variant with MIT disclaimer,False,False,SAFE,1,ترخيص مفتوح تمامًا (Permissive) – آمن 100% في المشاريع التجارية والمغلقة
HPND-sell-regexpr,Historical Permission Notice and Disclaimer - sell regexpr variant,False,False,SAFE,1,ترخيص مفتوح تمامًا (Permissive) – آمن 100% في المشاريع التجارية والمغلقة
HPND-sell-variant,Historical Permission Notice and Disclaimer - sell variant,False,False,SAFE,1,ترخيص مفتوح تمامًا (Permissive) – آمن 100% في المشاريع التجارية والمغلقة
HPND-sell-variant-MIT-disclaimer,HPND sell variant with MIT disclaimer,False,False,SAFE,1,ترخيص مفتوح تمامًا (Permissive) – آمن 100% في المشاريع التجارية والمغلقة
HPND-sell-variant-MIT-disclaimer-rev,HPND sell variant with MIT disclaimer - reverse,False,False,SAFE,1,ترخيص مفتوح تمامًا (Permissive) – آمن 100% في المشاريع التجارية والمغلقة
ISC,ISC License,True,False,SAFE,1,ترخيص مفتوح تمامًا (Permissive) – آمن 100% في المشاريع التجارية والمغلقة
ISC-Veillard,ISC Veillard variant,False,False,SAFE,1,ترخيص مفتوح تمامًا (Permissive) – آمن 100% في المشاريع التجارية والمغلقة
Kazlib,Kazlib License,False,False,SAFE,1,ترخيص مفتوح تمامًا (Permissive) – آمن 100% في المشاريع التجارية والمغلقة
LiLiQ-P-1.1,Licence Libre du Québec – Permissive version 1.1,True,False,SAFE,1,ترخيص مفتوح تمامًا (Permissive) – آمن 100% في المشاريع التجارية والمغلقة
MIT,MIT License,True,False,SAFE,1,ترخيص مفتوح تمامًا (Permissive) – آمن 100% في المشاريع التجارية والمغلقة
MIT-0,MIT No Attribution,True,False,SAFE,1,ترخيص مفتوح تمامًا (Permissive) – آمن 100% في المشاريع التجارية والمغلقة
MIT-CMU,CMU License,False,False,SAFE,1,ترخيص مفتوح تمامًا (Permissive) – آمن 100% في المشاريع التجارية والمغلقة
MIT-Click,MIT Click License,False,False,SAFE,1,ترخيص مفتوح تمامًا (Permissive) – آمن 100% في المشاريع التجارية والمغلقة
MIT-Festival,MIT Festival Variant,False,False,SAFE,1,ترخيص مفتوح تمامًا (Permissive) – آمن 100% في المشاريع التجارية والمغلقة
MIT-Khronos-old,MIT Khronos - old variant,False,False,SAFE,1,ترخيص مفتوح تمامًا (Permissive) – آمن 100% في المشاريع التجارية والمغلقة
MIT-Modern-Variant,MIT License Modern Variant,True,False,SAFE,1,ترخيص مفتوح تمامًا (Permissive) – آمن 100% في المشاريع التجارية والمغلقة
MIT-STK,MIT-STK License,False,False,SAFE,1,ترخيص مفتوح تمامًا (Permissive) – آمن 100% في المشاريع التجارية والمغلقة
MIT-Wu,MIT Tom Wu Variant,False,False,SAFE,1,ترخيص مفتوح تمامًا (Permissive) – آمن 100% في المشاريع التجارية والمغلقة
MIT-advertising,Enlightenment License (e16),False,False,SAFE,1,ترخيص مفتوح تمامًا (Permissive) – آمن 100% في المشاريع التجارية والمغلقة
MIT-enna,enna License,False,False,SAFE,1,ترخيص مفتوح تمامًا (Permissive) – آمن 100% في المشاريع التجارية والمغلقة
MIT-feh,feh License,False,False,SAFE,1,ترخيص مفتوح تمامًا (Permissive) – آمن 100% في المشاريع التجارية والمغلقة
MIT-open-group,MIT Open Group variant,False,False,SAFE,1,ترخيص مفتوح تمامًا (Permissive) – آمن 100% في المشاريع التجارية والمغلقة
MIT-testregex,MIT testregex Variant,False,False,SAFE,1,ترخيص مفتوح تمامًا (Permissive) – آمن 100% في المشاريع التجارية والمغلقة
MITNFA,MIT +no-false-attribs license,False,False,SAFE,1,ترخيص مفتوح تمامًا (Permissive) – آمن 100% في المشاريع التجارية والمغلقة
MS-LPL,Microsoft Limited Public License,False,False,SAFE,1,ترخيص مفتوح تمامًا (Permissive) – آمن 100% في المشاريع التجارية والمغلقة
MulanPSL-1.0,"Mulan Permissive Software License, Version 1",False,False,SAFE,1,ترخيص مفتوح تمامًا (Permissive) – آمن 100% في المشاريع التجارية والمغلقة
MulanPSL-2.0,"Mulan Permissive Software License, Version 2",True,False,SAFE,1,ترخيص مفتوح تمامًا (Permissive) – آمن 100% في المشاريع التجارية والمغلقة
NLPL,No Limit Public License,False,False,SAFE,1,ترخيص مفتوح تمامًا (Permissive) – آمن 100% في المشاريع التجارية والمغلقة
OFL-1.0,SIL Open Font License 1.0,False,False,SAFE,1,ترخيص مفتوح تمامًا (Permissive) – آمن 100% في المشاريع التجارية والمغلقة
OFL-1.0-RFN,SIL Open Font License 1.0 with Reserved Font Name,False,False,SAFE,1,ترخيص مفتوح تمامًا (Permissive) – آمن 100% في المشاريع التجارية والمغلقة
OFL-1.0-no-RFN,SIL Open Font License 1.0 with no Reserved Font Name,False,False,SAFE,1,ترخيص مفتوح تمامًا (Permissive) – آمن 100% في المشاريع التجارية والمغلقة
OFL-1.1,SIL Open Font License 1.1,True,False,SAFE,1,ترخيص مفتوح تمامًا (Permissive) – آمن 100% في المشاريع التجارية والمغلقة
OFL-1.1-RFN,SIL Open Font License 1.1 with Reserved Font Name,True,False,SAFE,1,ترخيص مفتوح تمامًا (Permissive) – آمن 100% في المشاريع التجارية والمغلقة
OFL-1.1-no-RFN,SIL Open Font License 1.1 with no Reserved Font Name,True,False,SAFE,1,ترخيص مفتوح تمامًا (Permissive) – آمن 100% في المشاريع التجارية والمغلقة
PostgreSQL,PostgreSQL License,True,False,SAFE,1,ترخيص مفتوح تمامًا (Permissive) – آمن 100% في المشاريع التجارية والمغلقة
Rdisc,Rdisc License,False,False,SAFE,1,ترخيص مفتوح تمامًا (Permissive) – آمن 100% في المشاريع التجارية والمغلقة
TU-Berlin-1.0,Technische Universitaet Berlin License 1.0,False,False,SAFE,1,ترخيص مفتوح تمامًا (Permissive) – آمن 100% في المشاريع التجارية والمغلقة
TU-Berlin-2.0,Technische Universitaet Berlin License 2.0,False,False,SAFE,1,ترخيص مفتوح تمامًا (Permissive) – آمن 100% في المشاريع التجارية والمغلقة
UPL-1.0,Universal Permissive License v1.0,True,False,SAFE,1,ترخيص مفتوح تمامًا (Permissive) – آمن 100% في المشاريع التجارية والمغلقة
Unlicense,The Unlicense,True,False,SAFE,1,ترخيص مفتوح تمامًا (Permissive) – آمن 100% في المشاريع التجارية والمغلقة
Unlicense-libtelnet,Unlicense - libtelnet variant,False,False,SAFE,1,ترخيص مفتوح تمامًا (Permissive) – آمن 100% في المشاريع التجارية والمغلقة
Unlicense-libwhirlpool,Unlicense - libwhirlpool variant,False,False,SAFE,1,ترخيص مفتوح تمامًا (Permissive) – آمن 100% في المشاريع التجارية والمغلقة
WTFPL,Do What The F*ck You Want To Public License,False,False,SAFE,1,ترخيص مفتوح تمامًا (Permissive) – آمن 100% في المشاريع التجارية والمغلقة
X11-no-permit-persons,X11 no permit persons clause,False,False,SAFE,1,ترخيص مفتوح تمامًا (Permissive) – آمن 100% في المشاريع التجارية والمغلقة
Zlib,zlib License,True,False,SAFE,1,ترخيص مفتوح تمامًا (Permissive) – آمن 100% في المشاريع التجارية والمغلقة
gnuplot,gnuplot License,False,False,SAFE,1,ترخيص مفتوح تمامًا (Permissive) – آمن 100% في المشاريع التجارية والمغلقة
mpi-permissive,mpi Permissive License,False,False,SAFE,1,ترخيص مفتوح تمامًا (Permissive) – آمن 100% في المشاريع التجارية والمغلقة
zlib-acknowledgement,zlib/libpng License with Acknowledgement,False,False,SAFE,1,ترخيص مفتوح تمامًا (Permissive) – آمن 100% في المشاريع التجارية والمغلقة
